Filename,Time,Cate,R/G_1,B/G_1,Stdev_1,R/G_2,B/G_2,Stdev_2,R/G_3,B/G_3,Stdev_3,R/G_4,B/G_4,Stdev_4,R/G_5,B/G_5,Stdev_5,R/G_6,B/G_6,Stdev_6,R/G_7,B/G_7,Stdev_7,R/G_8,B/G_8,Stdev_8,R/G_9,B/G_9,Stdev_9,R/G_10,B/G_10,Stdev_10,R/G_11,B/G_11,Stdev_11,R/G_12,B/G_12,Stdev_12,R/G_13,B/G_13,Stdev_13,R/G_14,B/G_14,Stdev_14,R/G_15,B/G_15,Stdev_15,R/G_16,B/G_16,Stdev_16,R/G_17,B/G_17,Stdev_17,R/G_18,B/G_18,Stdev_18,R/G_19,B/G_19,Stdev_19,R/G_20,B/G_20,Stdev_20,R/G_21,B/G_21,Stdev_21,R/G_22,B/G_22,Stdev_22,R/G_23,B/G_23,Stdev_23,R/G_24,B/G_24,Stdev_24
Front_Color__20160816094315.jpg,2016/8/16 18:25,Lens1Color,1.34,0.48,3.97,1.21,0.66,2.69,0.88,1.09,3.14,0.86,0.41,3.57,1.03,1.1,3.37,0.41,0.82,5.42,1.57,0.01,2.72,1.05,1.52,3.75,1.98,0.83,3.16,1.8,1.36,3.18,0.84,0.01,2.35,1.26,0.01,2.31,1.67,2.47,4.71,0.31,0.09,5.73,2.84,0.67,3.85,1.14,0.01,1.96,2.04,1.34,3.05,0.01,1.2,1.93,0.98,0.83,3.03,1.01,0.87,2.31,1.01,0.85,2.57,1.04,0.81,2.99,1.02,0.72,3.29,1.04,0.54,4.29
Front_Color__20160816094526.jpg,2016/8/16 18:25,Lens1Color,1.33,0.52,3.92,1.21,0.67,2.74,0.88,1.1,3.3,0.86,0.43,3.29,1.03,1.11,3.22,0.4,0.82,5.87,1.57,0.02,2.74,1.05,1.53,3.51,1.97,0.85,2.98,1.77,1.37,3.28,0.83,0.01,2.39,1.25,0.01,2.38,1.64,2.48,4.64,0.31,0.1,6.02,2.79,0.72,3.7,1.13,0.01,1.86,2.02,1.35,3.24,0.01,1.2,1.92,0.98,0.84,2.78,1.01,0.87,2.28,1.01,0.86,2.52,1.03,0.82,2.89,1.02,0.75,3.36,1.01,0.61,4.43
Front_Color__20160816094729.jpg,2016/8/16 18:25,Lens1Color,1.31,0.43,3.99,1.2,0.65,2.67,0.87,1.08,3.14,0.85,0.39,3.43,1.03,1.1,3.19,0.4,0.81,5.58,1.56,0.01,2.68,1.04,1.51,3.53,1.97,0.82,3.1,1.76,1.33,3.19,0.83,0.01,2.37,1.26,0.01,2.17,1.62,2.41,4.71,0.31,0.08,5.93,2.79,0.64,3.97,1.14,0.01,1.88,2.01,1.32,3.1,0.01,1.19,1.83,0.98,0.83,2.95,1.01,0.87,2.21,1.01,0.85,2.49,1.03,0.8,2.95,1.02,0.71,3.42,1.01,0.52,4.41
Front_Color__20160816095131.jpg,2016/8/16 18:25,Lens1Color,1.33,0.54,3.93,1.21,0.67,2.73,0.88,1.1,3.21,0.86,0.43,3.53,1.03,1.11,3.09,0.4,0.82,5.53,1.57,0.02,2.83,1.06,1.55,3.35,1.98,0.86,3.22,1.79,1.4,3.16,0.83,0.01,2.35,1.26,0.01,2.33,1.7,2.56,4.65,0.31,0.11,5.95,2.83,0.73,3.89,1.13,0.01,1.89,2.03,1.36,3.19,0.01,1.21,1.88,0.98,0.84,3.02,1.01,0.87,2.24,1.02,0.86,2.53,1.04,0.82,2.95,1.03,0.76,3.24,1.04,0.64,4.46
Front_Color__20160816095359.jpg,2016/8/16 18:25,Lens1Color,1.31,0.47,4.12,1.2,0.66,2.59,0.86,1.08,3.27,0.85,0.41,3.49,1.02,1.1,3.2,0.37,0.82,5.82,1.57,0.01,2.81,1.03,1.52,3.64,1.97,0.83,3.17,1.77,1.37,3.39,0.83,0.01,2.44,1.25,0.01,2.2,1.62,2.55,4.75,0.28,0.09,5.72,2.83,0.68,3.86,1.13,0.01,1.85,2.03,1.35,3.1,0.01,1.2,1.91,0.97,0.84,2.96,1.01,0.87,2.26,1.01,0.86,2.45,1.02,0.81,3.03,1.01,0.73,3.39,0.97,0.56,4.77
Front_Color__20160816095632.jpg,2016/8/16 18:25,Lens1Color,1.33,0.56,3.95,1.21,0.68,2.78,0.89,1.08,3.25,0.88,0.47,3.38,1.03,1.1,2.93,0.46,0.82,5.03,1.57,0.02,2.88,1.07,1.5,3.57,1.95,0.86,3.1,1.72,1.32,3.16,0.85,0.01,2.7,1.26,0.01,2.5,1.69,2.42,4.61,0.36,0.12,5.55,2.72,0.74,3.85,1.14,0.01,2.01,1.98,1.32,2.99,0.01,1.2,2.55,0.99,0.85,2.8,1.02,0.88,2.3,1.03,0.87,2.6,1.05,0.83,2.85,1.04,0.76,3.33,1.06,0.63,4.15
Front_Color__20160816095821.jpg,2016/8/16 18:25,Lens1Color,1.32,0.59,4.04,1.21,0.69,2.7,0.9,1.09,3.11,0.88,0.49,3.26,1.03,1.1,3,0.45,0.83,5.11,1.57,0.05,2.9,1.07,1.52,3.56,1.93,0.87,3.12,1.72,1.36,3.2,0.85,0.02,2.7,1.26,0.02,2.45,1.66,2.45,4.53,0.36,0.14,5.91,2.68,0.78,3.58,1.14,0.01,1.86,1.97,1.33,2.89,0.01,1.2,2.44,0.99,0.86,2.94,1.02,0.88,2.29,1.02,0.88,2.59,1.04,0.84,2.97,1.04,0.79,3.28,1.04,0.7,4.16
Front_Color__20160816100015.jpg,2016/8/16 18:25,Lens1Color,1.29,0.51,4.01,1.2,0.67,2.62,0.89,1.08,3.06,0.88,0.45,3.35,1.03,1.08,3.03,0.45,0.82,4.98,1.56,0.02,2.7,1.05,1.48,3.47,1.93,0.84,3.11,1.69,1.3,3.07,0.85,0.01,2.67,1.26,0.01,2.38,1.6,2.3,4.64,0.35,0.11,5.43,2.66,0.7,3.92,1.14,0.01,2.03,1.97,1.31,3.21,0.01,1.19,2.39,0.98,0.84,2.9,1.02,0.87,2.39,1.03,0.86,2.5,1.04,0.82,2.95,1.04,0.74,3.27,1.04,0.59,4.19
Front_Color__20160816100225.jpg,2016/8/16 18:25,Lens1Color,1.31,0.61,3.79,1.21,0.69,2.7,0.89,1.09,3.23,0.88,0.49,3.19,1.03,1.1,3.17,0.46,0.83,4.84,1.56,0.05,2.74,1.07,1.51,3.44,1.94,0.88,3.04,1.72,1.36,3.05,0.85,0.03,2.76,1.26,0.01,2.52,1.64,2.42,4.75,0.36,0.14,5.41,2.69,0.79,3.75,1.14,0.01,2.05,1.98,1.35,2.92,0.01,1.2,2.59,0.99,0.85,2.97,1.02,0.89,2.36,1.02,0.88,2.48,1.04,0.84,2.88,1.04,0.79,3.34,1.04,0.7,4.08
Front_Color__20160816100433.jpg,2016/8/16 18:25,Lens1Color,1.31,0.55,4.01,1.21,0.68,2.69,0.9,1.08,3.16,0.88,0.45,3.27,1.03,1.09,3.04,0.46,0.82,5.06,1.57,0.02,2.8,1.07,1.49,3.5,1.94,0.84,3.18,1.72,1.31,3.31,0.85,0.01,2.52,1.26,0.01,2.31,1.69,2.41,4.9,0.36,0.11,5.82,2.7,0.72,3.7,1.14,0.01,2,1.99,1.32,3.18,0.01,1.2,2.47,0.99,0.84,2.9,1.02,0.88,2.36,1.03,0.87,2.55,1.05,0.83,2.94,1.05,0.76,3.26,1.06,0.63,4.3
Front_Color__20160816100649.jpg,2016/8/16 18:25,Lens1Color,1.3,0.53,4.11,1.21,0.68,2.64,0.89,1.08,3.14,0.88,0.47,3.13,1.03,1.09,3.06,0.45,0.82,5.09,1.56,0.02,2.8,1.07,1.5,3.44,1.93,0.85,3.11,1.7,1.31,3.15,0.85,0.01,2.58,1.25,0.01,2.46,1.62,2.34,4.57,0.35,0.12,5.74,2.66,0.71,3.74,1.14,0.01,1.92,1.97,1.31,3.07,0.01,1.2,2.36,0.98,0.84,2.89,1.02,0.88,2.37,1.02,0.87,2.3,1.03,0.83,3.01,1.03,0.76,3.4,1.04,0.61,4.15
Front_Color__20160816100855.jpg,2016/8/16 18:25,Lens1Color,1.31,0.6,4.04,1.21,0.69,2.75,0.89,1.09,3.23,0.88,0.49,3.24,1.03,1.1,3.07,0.45,0.82,5.22,1.57,0.04,2.78,1.07,1.5,3.44,1.94,0.87,3.12,1.71,1.34,3.11,0.85,0.02,2.8,1.25,0.01,2.57,1.66,2.41,4.73,0.36,0.14,5.52,2.68,0.78,3.85,1.14,0.01,1.85,1.98,1.33,3.14,0.01,1.2,2.36,0.99,0.85,2.98,1.02,0.88,2.26,1.02,0.87,2.43,1.04,0.84,2.96,1.04,0.78,3.49,1.04,0.68,4.17
Front_Color__20160816101156.jpg,2016/8/16 18:25,Lens1Color,1.29,0.49,4.05,1.2,0.67,2.69,0.87,1.08,3.27,0.86,0.4,3.44,1.03,1.09,3.03,0.43,0.81,5.09,1.55,0.01,2.72,1.03,1.51,3.6,1.94,0.82,3.04,1.73,1.33,3.44,0.84,0.01,2.36,1.24,0.01,2.49,1.61,2.45,4.51,0.31,0.1,5.43,2.74,0.67,3.87,1.12,0.01,1.96,2,1.31,3.2,0.01,1.19,1.98,0.97,0.84,2.92,1.01,0.87,2.24,1,0.86,2.49,1.03,0.8,3.08,1.03,0.73,3.37,1.03,0.51,4.27
Front_Color__20160816101344.jpg,2016/8/16 18:25,Lens1Color,1.3,0.51,4.05,1.19,0.67,2.55,0.87,1.09,3.19,0.86,0.41,3.43,1.03,1.09,3.06,0.41,0.81,5.39,1.55,0.01,2.9,1.04,1.52,3.77,1.93,0.82,3.23,1.72,1.33,3.41,0.83,0.01,2.32,1.24,0.01,2.35,1.57,2.42,4.51,0.3,0.1,5.85,2.71,0.67,3.81,1.12,0.01,1.87,2,1.31,2.86,0.01,1.18,1.8,0.97,0.84,2.8,1,0.87,2.21,1,0.86,2.53,1.02,0.8,2.94,1.02,0.73,3.4,1.02,0.51,4.44
Front_Color__20160816101536.jpg,2016/8/16 18:25,Lens1Color,1.31,0.52,4.06,1.2,0.67,2.68,0.88,1.09,3.14,0.87,0.41,3.44,1.03,1.1,3.2,0.43,0.82,5.19,1.57,0.02,2.8,1.05,1.53,3.49,1.95,0.84,3.11,1.75,1.34,3.58,0.84,0.01,2.34,1.24,0.01,2.28,1.68,2.53,4.6,0.32,0.1,5.87,2.76,0.69,3.84,1.12,0.01,1.91,2.03,1.32,3,0.01,1.19,2.09,0.97,0.84,2.99,1.01,0.87,2.28,1,0.86,2.6,1.03,0.81,2.94,1.03,0.73,3.32,1.06,0.54,4.49
Front_Color__20160816101831.jpg,2016/8/16 18:25,Lens1Color,1.3,0.48,4.05,1.19,0.68,2.59,0.87,1.09,3.09,0.86,0.41,3.32,1.02,1.11,3.12,0.38,0.81,5.62,1.54,0.01,2.57,1.04,1.54,3.41,1.92,0.81,2.84,1.72,1.33,3.37,0.81,0.01,2.38,1.23,0.01,2.32,1.66,2.52,4.23,0.31,0.09,5.44,2.68,0.62,3.83,1.1,0.01,1.59,1.98,1.31,3.21,0.01,1.2,1.87,0.96,0.83,2.86,0.99,0.86,2.35,0.99,0.85,2.59,1.01,0.81,3.12,1.02,0.74,3.52,1.03,0.55,4.52
Front_Color__20160816102021.jpg,2016/8/16 18:26,Lens1Color,1.31,0.56,3.94,1.19,0.68,2.49,0.87,1.1,3.19,0.86,0.44,3.22,1.02,1.12,3.24,0.39,0.82,5.65,1.54,0.03,2.64,1.03,1.55,3.22,1.92,0.84,2.96,1.71,1.36,3.37,0.81,0.01,2.55,1.23,0.01,2.24,1.69,2.61,3.98,0.3,0.12,5.39,2.68,0.69,3.6,1.1,0.01,1.62,1.99,1.34,3.08,0.01,1.2,1.87,0.96,0.84,2.86,0.99,0.87,2.34,0.99,0.86,2.53,1.01,0.82,2.99,1.03,0.78,3.45,1.03,0.64,4.67
Front_Color__20160816102216.jpg,2016/8/16 18:26,Lens1Color,1.3,0.48,3.94,1.19,0.67,2.54,0.87,1.08,3.16,0.86,0.41,3.36,1.02,1.1,3.28,0.38,0.81,5.81,1.53,0.01,2.51,1.03,1.53,3.47,1.93,0.81,2.93,1.72,1.33,3.28,0.81,0.01,2.57,1.23,0.01,2.37,1.69,2.54,4.13,0.31,0.09,5.7,2.68,0.62,3.68,1.1,0.01,1.64,1.99,1.31,3.06,0.01,1.19,1.79,0.97,0.83,2.91,1,0.86,2.34,0.99,0.86,2.59,1.01,0.81,3.23,1.02,0.75,3.55,1.03,0.54,4.36
Front_Color__20160816102410.jpg,2016/8/16 18:26,Lens1Color,1.3,0.49,3.93,1.19,0.68,2.59,0.87,1.09,3.13,0.86,0.42,3.34,1.02,1.1,3.34,0.39,0.81,5.42,1.54,0.01,2.64,1.04,1.53,3.3,1.92,0.8,2.77,1.71,1.33,3.34,0.81,0.01,2.49,1.23,0.01,2.4,1.65,2.5,4.28,0.31,0.09,5.24,2.69,0.62,3.68,1.1,0.01,1.62,1.98,1.3,3.16,0.01,1.19,1.89,0.96,0.83,2.92,0.99,0.86,2.28,0.99,0.85,2.51,1.01,0.81,3.06,1.03,0.75,3.37,1.04,0.55,4.63
Front_Color__20160816102959.jpg,2016/8/16 18:26,Lens1Color,1.31,0.55,3.88,1.19,0.69,2.61,0.87,1.1,3.18,0.86,0.44,3.3,1.03,1.12,3.13,0.39,0.82,5.4,1.54,0.03,2.68,1.04,1.55,3.27,1.91,0.84,2.98,1.72,1.36,3.26,0.82,0.01,2.45,1.23,0.01,2.31,1.69,2.6,4.31,0.31,0.12,5.52,2.68,0.7,3.75,1.1,0.01,1.55,1.99,1.33,3.19,0.01,1.2,1.88,0.96,0.84,2.93,0.99,0.87,2.27,0.99,0.86,2.61,1.01,0.83,2.88,1.02,0.78,3.4,1.04,0.64,4.3
Front_Color__20160816103204.jpg,2016/8/16 18:26,Lens1Color,1.29,0.48,3.89,1.19,0.68,2.63,0.86,1.09,3.43,0.85,0.41,3.34,1.02,1.11,3.16,0.38,0.81,5.65,1.54,0.01,2.57,1.03,1.53,3.47,1.93,0.81,3.11,1.71,1.33,3.32,0.81,0.01,2.35,1.23,0.01,2.43,1.66,2.54,4.19,0.3,0.09,5.87,2.68,0.63,3.72,1.1,0.01,1.67,2,1.32,3.25,0.01,1.19,1.85,0.96,0.83,2.97,0.99,0.86,2.4,0.99,0.86,2.69,1.01,0.81,3.03,1.02,0.75,3.52,1.03,0.54,4.59
Front_Color__20160816103422.jpg,2016/8/16 18:26,Lens1Color,1.29,0.48,4.07,1.19,0.67,2.61,0.87,1.09,3.16,0.86,0.41,3.47,1.02,1.11,3.28,0.38,0.81,5.59,1.54,0.01,2.64,1.03,1.52,3.54,1.92,0.81,2.99,1.72,1.34,3.33,0.81,0.01,2.48,1.23,0.01,2.32,1.65,2.53,4.25,0.3,0.1,5.67,2.68,0.63,3.71,1.1,0.01,1.51,1.99,1.31,2.91,0.01,1.2,1.76,0.96,0.83,2.82,0.99,0.86,2.26,0.99,0.86,2.45,1.01,0.81,2.95,1.02,0.74,3.47,1.04,0.55,4.55
Front_Color__20160816103736.jpg,2016/8/16 18:26,Lens1Color,1.3,0.48,3.92,1.19,0.68,2.71,0.86,1.09,3.15,0.85,0.41,3.39,1.02,1.1,3.16,0.38,0.81,5.49,1.53,0.01,2.71,1.03,1.53,3.4,1.92,0.81,2.89,1.71,1.33,3.24,0.81,0.01,2.41,1.23,0.01,2.31,1.65,2.5,4.14,0.3,0.09,5.29,2.66,0.62,3.87,1.1,0.01,1.67,1.98,1.31,3.18,0.01,1.2,1.76,0.97,0.83,2.94,0.99,0.86,2.24,0.99,0.85,2.54,1.01,0.81,3.04,1.02,0.74,3.43,1.03,0.54,4.47
Front_Color__20160816103959.jpg,2016/8/16 18:26,Lens1Color,1.3,0.49,3.9,1.19,0.68,2.67,0.87,1.09,3.19,0.86,0.41,3.18,1.02,1.11,3.08,0.39,0.81,5.67,1.53,0.01,2.65,1.03,1.53,3.5,1.92,0.81,2.94,1.71,1.33,3.36,0.81,0.01,2.49,1.23,0.01,2.22,1.64,2.5,4.27,0.3,0.09,5.43,2.64,0.61,3.8,1.1,0.01,1.63,1.98,1.3,3.18,0.01,1.19,1.92,0.96,0.83,2.83,0.99,0.86,2.32,0.99,0.86,2.54,1.01,0.81,2.93,1.01,0.75,3.55,1.04,0.55,4.35
Front_Color__20160816132146.jpg,2016/8/16 18:26,Lens1Color,1.35,0.53,4.04,1.21,0.68,2.64,0.88,1.1,3.2,0.87,0.43,3.44,1.04,1.13,3.34,0.42,0.83,5.22,1.57,0.01,2.73,1.08,1.57,3.56,2,0.87,3.3,1.82,1.43,3.43,0.84,0.01,2.4,1.27,0.01,2.41,1.8,2.67,4.42,0.33,0.12,5.68,2.86,0.74,4.38,1.13,0.01,1.79,2.07,1.37,3.37,0.01,1.21,1.84,0.98,0.86,2.79,1.01,0.89,2.25,1.02,0.87,2.39,1.05,0.83,3.01,1.05,0.77,3.46,1.05,0.56,4.81
Front_Color__20160816132336.jpg,2016/8/16 18:26,Lens1Color,1.35,0.53,3.97,1.21,0.68,2.82,0.88,1.1,3.27,0.87,0.42,3.4,1.04,1.12,3.3,0.42,0.82,5.38,1.58,0.02,2.85,1.07,1.56,3.46,2,0.88,3.24,1.83,1.43,3.4,0.84,0.01,2.38,1.26,0.01,2.43,1.81,2.69,4.33,0.33,0.12,5.73,2.86,0.73,4.29,1.13,0.01,1.69,2.06,1.36,3.37,0.01,1.21,1.91,0.98,0.85,2.91,1.01,0.88,2.26,1.02,0.87,2.44,1.05,0.84,2.99,1.05,0.78,3.45,1.04,0.57,4.78
Front_Color__20160816132626.jpg,2016/8/16 18:26,Lens1Color,1.31,0.49,3.91,1.19,0.67,2.83,0.86,1.09,3.21,0.85,0.41,3.32,1.02,1.1,3.07,0.37,0.82,5.71,1.55,0.02,2.74,1.04,1.53,3.53,1.92,0.83,3.18,1.73,1.35,3.21,0.83,0.01,2.34,1.24,0.01,2.43,1.67,2.56,4.23,0.3,0.11,5.4,2.69,0.69,3.91,1.1,0.01,1.72,1.98,1.33,2.93,0.01,1.2,1.89,0.96,0.84,3.09,0.99,0.88,2.28,0.99,0.87,2.48,1.01,0.82,3.12,1.01,0.75,3.27,1.02,0.58,4.53
Front_Color__20160816132813.jpg,2016/8/16 18:26,Lens1Color,1.3,0.48,3.89,1.19,0.66,2.7,0.86,1.09,3.11,0.85,0.41,3.42,1.02,1.1,3.16,0.37,0.81,5.51,1.54,0.02,2.62,1.02,1.52,3.51,1.91,0.82,2.99,1.71,1.33,3.21,0.82,0.01,2.51,1.23,0.01,2.4,1.64,2.52,4.32,0.3,0.11,5.64,2.66,0.67,3.83,1.1,0.01,1.57,1.98,1.32,3.14,0.01,1.2,1.86,0.96,0.84,2.93,0.99,0.87,2.34,0.99,0.86,2.52,1.01,0.82,3.05,1.01,0.75,3.38,1.01,0.58,4.5
Front_Color__20160816133248.jpg,2016/8/16 18:26,Lens1Color,1.31,0.49,3.88,1.19,0.68,2.6,0.87,1.09,3.18,0.86,0.42,3.44,1.03,1.1,3.13,0.39,0.82,5.71,1.54,0.01,2.63,1.02,1.52,3.33,1.95,0.84,3.22,1.76,1.38,3.37,0.82,0.01,2.46,1.23,0.01,2.26,1.74,2.6,4.15,0.3,0.09,5.48,2.77,0.66,4.09,1.11,0.01,1.78,2.01,1.31,3.14,0.01,1.19,1.82,0.97,0.84,2.88,0.99,0.86,2.26,0.99,0.85,2.55,1.01,0.81,3.02,1.02,0.75,3.15,1.05,0.55,4.61
Front_Color__20160816133435.jpg,2016/8/16 18:26,Lens1Color,1.3,0.49,3.9,1.19,0.67,2.78,0.86,1.08,3.26,0.86,0.41,3.56,1.02,1.1,3.13,0.38,0.81,5.64,1.54,0.01,2.64,1,1.5,3.39,1.95,0.83,3.09,1.77,1.38,3.3,0.81,0.01,2.55,1.23,0.01,2.3,1.71,2.57,3.96,0.29,0.09,5.48,2.75,0.63,4.14,1.11,0.01,1.67,2,1.3,3.25,0.01,1.19,1.91,0.97,0.84,2.73,0.99,0.86,2.29,0.99,0.85,2.6,1.01,0.8,3.17,1.02,0.74,3.26,1.06,0.55,4.7
Front_Color__20160816133717.jpg,2016/8/16 18:26,Lens1Color,1.33,0.59,3.81,1.21,0.69,2.67,0.88,1.1,3.14,0.87,0.47,3.33,1.04,1.12,3.15,0.45,0.83,4.88,1.55,0.04,2.78,1.07,1.57,3.49,1.95,0.88,3.2,1.76,1.43,3.52,0.84,0.01,2.59,1.25,0.01,2.5,1.72,2.58,4.39,0.35,0.16,5.58,2.74,0.77,3.82,1.12,0.01,1.88,2.01,1.36,3.13,0.01,1.2,2.34,0.98,0.85,2.84,1.01,0.89,2.32,1.01,0.89,2.65,1.02,0.85,2.99,1.01,0.81,3.56,1.02,0.72,4.72
Front_Color__20160816133905.jpg,2016/8/16 18:26,Lens1Color,1.32,0.57,4.11,1.21,0.69,2.65,0.88,1.1,3.26,0.87,0.47,3.47,1.05,1.12,3.15,0.45,0.83,4.9,1.56,0.04,2.66,1.06,1.56,3.4,1.95,0.88,3.16,1.75,1.42,3.49,0.84,0.01,2.79,1.25,0.01,2.64,1.7,2.57,4.33,0.34,0.15,5.86,2.74,0.76,3.84,1.12,0.01,1.81,2,1.36,3.3,0.01,1.21,2.34,0.98,0.86,2.82,1.01,0.89,2.27,1.01,0.88,2.51,1.02,0.85,3.02,1.01,0.8,3.56,1.02,0.71,4.68
Front_Color__20160816134237.jpg,2016/8/16 18:26,Lens1Color,1.29,0.45,3.92,1.19,0.64,2.64,0.85,1.06,3.14,0.84,0.36,3.41,1.02,1.1,3.07,0.39,0.8,5.53,1.54,0.01,2.64,1.01,1.5,3.51,1.92,0.81,2.93,1.71,1.31,3.6,0.82,0.01,2.44,1.24,0.01,2.35,1.6,2.41,4.82,0.27,0.09,5.53,2.65,0.62,4.13,1.11,0.01,1.83,2,1.31,2.98,0.01,1.18,1.93,0.95,0.84,2.84,0.99,0.87,2.4,0.99,0.86,2.46,1,0.81,3.02,1.01,0.74,3.5,0.97,0.51,4.73
Front_Color__20160816134423.jpg,2016/8/16 18:26,Lens1Color,1.29,0.47,4.11,1.19,0.65,2.68,0.86,1.07,3.26,0.85,0.38,3.45,1.03,1.1,3.21,0.39,0.81,5.4,1.54,0.01,2.72,1.03,1.5,3.64,1.92,0.83,3.16,1.72,1.33,3.44,0.83,0.01,2.37,1.24,0.01,2.33,1.65,2.45,4.76,0.29,0.09,5.8,2.65,0.63,3.84,1.11,0.01,1.75,1.99,1.32,2.98,0.01,1.19,1.96,0.95,0.84,2.82,0.99,0.87,2.21,0.99,0.86,2.59,1.01,0.82,3.12,1.01,0.76,3.43,0.99,0.56,4.66
Front_Color__20160816134728.jpg,2016/8/16 18:26,Lens1Color,1.29,0.55,3.91,1.19,0.68,2.7,0.86,1.1,3.12,0.85,0.44,3.42,1.03,1.11,3.12,0.38,0.82,5.79,1.54,0.03,2.75,1.02,1.54,3.43,1.94,0.86,3.08,1.73,1.38,3.61,0.82,0.01,2.52,1.24,0.01,2.43,1.63,2.54,4.86,0.28,0.11,5.42,2.71,0.75,4.08,1.11,0.01,1.86,1.99,1.35,3.11,0.01,1.2,1.97,0.97,0.84,2.92,0.99,0.87,2.28,0.98,0.86,2.74,1,0.81,3.22,1,0.76,3.43,1,0.59,4.46
Front_Color__20160816134923.jpg,2016/8/16 18:26,Lens1Color,1.29,0.56,3.89,1.19,0.68,2.64,0.86,1.1,3.17,0.86,0.43,3.37,1.02,1.11,3.13,0.38,0.82,5.65,1.54,0.03,2.87,1.02,1.55,3.42,1.94,0.87,2.99,1.73,1.39,3.53,0.81,0.01,2.54,1.24,0.01,2.35,1.62,2.53,4.52,0.28,0.11,5.75,2.69,0.75,3.94,1.11,0.01,1.76,1.99,1.35,3.07,0.01,1.2,1.91,0.97,0.84,2.92,0.99,0.87,2.33,0.99,0.86,2.55,1,0.81,3.1,1,0.76,3.3,1.01,0.59,4.42
Front_Color__20160816135221.jpg,2016/8/16 18:26,Lens1Color,1.3,0.58,3.89,1.2,0.7,2.62,0.86,1.11,3.21,0.85,0.47,3.27,1.02,1.13,3.08,0.41,0.83,5.29,1.53,0.03,2.84,1.02,1.57,3.38,1.93,0.88,3.16,1.73,1.43,3.44,0.81,0.01,2.64,1.23,0.01,2.37,1.62,2.53,4.23,0.29,0.13,5.44,2.69,0.75,3.99,1.1,0.01,1.85,2,1.38,3.23,0.01,1.23,1.92,0.97,0.85,2.76,0.99,0.89,2.27,0.99,0.88,2.5,1,0.85,3.1,0.99,0.79,3.38,0.97,0.66,4.39
Front_Color__20160816135409.jpg,2016/8/16 18:26,Lens1Color,1.32,0.53,3.95,1.2,0.68,2.54,0.87,1.11,3.2,0.86,0.44,3.31,1.03,1.12,3.08,0.42,0.83,5.1,1.54,0.02,2.74,1.04,1.56,3.51,1.94,0.86,3.2,1.76,1.42,3.28,0.81,0.01,2.62,1.24,0.01,2.3,1.71,2.57,4.29,0.3,0.11,5.48,2.73,0.72,4.22,1.1,0.01,1.75,2.02,1.37,2.91,0.01,1.22,1.96,0.97,0.85,2.72,1,0.89,2.33,1,0.88,2.48,1.01,0.85,3.12,1,0.78,3.33,1.01,0.62,4.32
Front_Color__20160816135607.jpg,2016/8/16 18:26,Lens1Color,1.3,0.57,3.94,1.2,0.7,2.62,0.87,1.11,3.14,0.84,0.46,3.31,1.03,1.13,3.15,0.41,0.83,4.86,1.54,0.03,2.73,1.02,1.57,3.39,1.92,0.88,3.26,1.74,1.44,3.62,0.81,0.01,2.8,1.23,0.01,2.41,1.65,2.57,4.28,0.3,0.13,5.84,2.7,0.76,4.04,1.1,0.01,1.75,2,1.37,2.9,0.01,1.23,1.96,0.97,0.85,2.8,1,0.89,2.35,0.99,0.88,2.51,1,0.85,3.05,0.99,0.79,3.29,0.96,0.67,4.49
Front_Color__20160816135944.jpg,2016/8/16 18:26,Lens1Color,1.32,0.47,3.96,1.2,0.66,2.64,0.87,1.1,3.15,0.86,0.42,3.51,1.03,1.12,2.99,0.41,0.82,5.19,1.55,0.01,2.59,1.04,1.52,3.45,1.94,0.84,3.28,1.76,1.38,3.19,0.83,0.01,2.33,1.25,0.01,2.46,1.68,2.52,4.32,0.3,0.1,5.36,2.73,0.63,4.18,1.12,0.01,1.9,2.02,1.35,3.17,0.01,1.19,1.86,0.96,0.84,2.75,1,0.88,2.26,1.01,0.87,2.51,1.02,0.83,3.08,1.01,0.75,3.52,1.01,0.54,4.64
Front_Color__20160816140147.jpg,2016/8/16 18:27,Lens1Color,1.33,0.48,3.84,1.19,0.66,2.78,0.87,1.1,3.07,0.86,0.43,3.36,1.03,1.11,3.05,0.4,0.82,5.13,1.55,0.01,2.59,1.05,1.52,3.38,1.95,0.84,3.16,1.78,1.38,3.26,0.82,0.01,2.32,1.25,0.01,2.52,1.74,2.58,4.33,0.32,0.1,5.64,2.75,0.62,4.21,1.11,0.01,1.86,2.02,1.34,3.15,0.01,1.2,1.91,0.97,0.84,2.89,1,0.87,2.39,1.01,0.86,2.45,1.02,0.82,3.1,1.01,0.75,3.32,1.03,0.55,4.34
Front_Color__20160816140416.jpg,2016/8/16 18:27,Lens1Color,1.32,0.47,3.99,1.2,0.66,2.67,0.87,1.1,3.15,0.86,0.42,3.32,1.03,1.12,3.08,0.4,0.82,5.21,1.55,0.01,2.7,1.05,1.52,3.39,1.96,0.83,3.29,1.79,1.39,3.37,0.82,0.01,2.51,1.25,0.01,2.45,1.73,2.58,4.28,0.31,0.09,5.52,2.78,0.62,3.92,1.11,0.01,1.82,2.02,1.33,3.16,0.01,1.2,1.89,0.97,0.84,2.85,1,0.87,2.33,1.01,0.86,2.52,1.02,0.82,2.98,1.02,0.75,3.47,1.04,0.57,4.75
Front_Color__20160816140608.jpg,2016/8/16 18:27,Lens1Color,1.33,0.47,3.86,1.2,0.66,2.64,0.87,1.1,3.11,0.86,0.43,3.4,1.04,1.12,3.04,0.41,0.82,5.24,1.55,0.01,2.52,1.05,1.52,3.56,1.95,0.83,3.09,1.76,1.37,3.11,0.83,0.01,2.39,1.25,0.01,2.39,1.74,2.56,4.32,0.31,0.09,5.67,2.75,0.62,4.09,1.11,0.01,1.83,2.03,1.33,3.22,0.01,1.19,1.82,0.97,0.84,2.83,1,0.87,2.32,1.01,0.85,2.46,1.03,0.82,2.91,1.02,0.75,3.28,1.04,0.55,4.55
Front_Color__20160816140801.jpg,2016/8/16 18:27,Lens1Color,1.32,0.46,3.81,1.2,0.65,2.65,0.87,1.09,3.12,0.86,0.42,3.38,1.02,1.11,3.06,0.41,0.82,5.36,1.55,0.01,2.71,1.05,1.52,3.4,1.95,0.83,3.2,1.77,1.37,3.17,0.82,0.01,2.46,1.24,0.01,2.28,1.74,2.59,4.04,0.31,0.09,5.54,2.76,0.62,4.13,1.11,0.01,1.7,2.01,1.33,3.23,0.01,1.19,1.86,0.96,0.84,2.94,1,0.87,2.32,1,0.86,2.48,1.02,0.82,2.96,1.01,0.75,3.4,1.04,0.55,4.66
Front_Color__20160816160752.jpg,2016/8/16 18:27,Lens1Color,1.28,0.46,3.98,1.19,0.66,2.59,0.85,1.08,3.17,0.84,0.4,3.31,1.01,1.1,3.21,0.38,0.81,5.91,1.53,0.01,2.65,1.02,1.49,3.34,1.93,0.81,3.02,1.72,1.32,3.21,0.82,0.01,2.5,1.24,0.01,2.38,1.54,2.32,4.34,0.29,0.09,5.32,2.65,0.64,4.1,1.11,0.01,1.83,1.98,1.3,3,0.01,1.18,2.01,0.96,0.83,3.08,0.99,0.86,2.37,1,0.85,2.54,1,0.8,3.1,0.99,0.72,3.65,1,0.52,4.26
Front_Color__20160816160946.jpg,2016/8/16 18:27,Lens1Color,1.29,0.53,3.94,1.19,0.67,2.63,0.86,1.08,3.22,0.85,0.43,3.25,1.02,1.1,3.13,0.38,0.82,5.53,1.53,0.02,2.82,1.02,1.51,3.3,1.93,0.84,3.25,1.72,1.36,3.21,0.82,0.01,2.53,1.24,0.01,2.53,1.57,2.38,4.41,0.29,0.11,5.55,2.66,0.68,4.04,1.11,0.01,1.73,1.98,1.31,2.98,0.01,1.19,2.05,0.96,0.83,3.05,0.99,0.86,2.27,0.99,0.85,2.53,1,0.82,3.1,1,0.75,3.47,1,0.59,4.32
Front_Color__20160816161242.jpg,2016/8/16 18:27,Lens1Color,1.35,0.56,3.9,1.21,0.7,2.82,0.89,1.12,3.21,0.88,0.47,3.35,1.05,1.13,3.12,0.43,0.84,5.06,1.56,0.03,2.79,1.05,1.56,3.56,1.96,0.89,3.02,1.77,1.41,3.28,0.84,0.01,2.52,1.24,0.01,2.33,1.76,2.61,4.28,0.31,0.11,5.9,2.74,0.75,4.17,1.11,0.01,1.89,2,1.37,3.17,0.01,1.22,2.07,0.97,0.87,2.74,1,0.89,2.25,1,0.89,2.49,1.03,0.85,3.07,1.03,0.78,3.48,1.04,0.65,4.45
Front_Color__20160816161424.jpg,2016/8/16 18:27,Lens1Color,1.35,0.53,3.71,1.21,0.69,2.71,0.89,1.12,3.14,0.87,0.46,3.23,1.04,1.13,3.08,0.4,0.83,5.47,1.57,0.02,2.82,1.06,1.57,3.58,1.98,0.88,3.02,1.78,1.41,3.4,0.83,0.01,2.5,1.24,0.01,2.51,1.76,2.64,4.26,0.31,0.1,5.68,2.8,0.74,4.23,1.11,0.01,1.78,2.02,1.37,3.01,0.01,1.22,1.96,0.97,0.86,2.73,0.99,0.88,2.23,1.01,0.88,2.63,1.02,0.84,3.04,1.03,0.77,3.34,1.03,0.61,4.57
Front_Color__20160816161745.jpg,2016/8/16 18:27,Lens1Color,1.29,0.49,3.91,1.2,0.67,2.75,0.86,1.1,3.13,0.84,0.4,3.42,1.02,1.12,3.28,0.37,0.82,5.86,1.54,0.01,2.85,1.03,1.56,3.41,1.97,0.86,3.06,1.78,1.41,3.49,0.83,0.01,2.36,1.24,0.01,2.43,1.62,2.6,4.89,0.27,0.11,5.46,2.78,0.7,3.92,1.12,0.01,1.76,2.04,1.39,3.01,0.01,1.21,1.91,0.96,0.85,2.86,0.99,0.88,2.38,0.99,0.87,2.5,1,0.84,2.99,0.99,0.78,3.58,0.94,0.61,4.59
Front_Color__20160816161933.jpg,2016/8/16 18:27,Lens1Color,1.33,0.48,4.03,1.2,0.67,2.63,0.87,1.1,3.1,0.86,0.4,3.42,1.03,1.12,3.33,0.39,0.82,5.38,1.55,0.01,2.67,1.06,1.57,3.41,1.98,0.87,3,1.8,1.42,3.58,0.83,0.01,2.41,1.25,0.01,2.52,1.73,2.63,4.91,0.3,0.11,5.6,2.82,0.7,4.03,1.12,0.01,1.9,2.04,1.39,2.89,0.01,1.21,1.96,0.97,0.85,2.83,1,0.88,2.27,1,0.87,2.42,1.01,0.84,2.86,1.02,0.78,3.26,1.02,0.62,4.68
Front_Color__20160816162214.jpg,2016/8/16 18:27,Lens1Color,1.28,0.53,4.03,1.19,0.67,2.51,0.86,1.1,3.14,0.85,0.41,3.38,1.02,1.12,3.26,0.38,0.82,5.7,1.54,0.02,2.71,1,1.56,3.44,1.94,0.87,3.28,1.73,1.4,3.52,0.82,0.01,2.53,1.25,0.01,2.55,1.58,2.57,4.37,0.25,0.11,5.58,2.7,0.73,4.31,1.11,0.01,1.64,2.02,1.38,3.36,0.01,1.22,1.81,0.97,0.85,2.88,0.99,0.89,2.25,0.99,0.89,2.56,1,0.84,2.95,0.99,0.78,3.21,0.95,0.6,4.46
Front_Color__20160816162401.jpg,2016/8/16 18:27,Lens1Color,1.28,0.54,4.06,1.2,0.68,2.63,0.86,1.09,3.31,0.86,0.4,3.44,1.01,1.12,3.17,0.37,0.82,5.6,1.54,0.02,2.7,1,1.56,3.25,1.94,0.87,3.13,1.74,1.41,3.53,0.82,0.01,2.39,1.24,0.01,2.47,1.6,2.57,4.36,0.25,0.11,5.48,2.72,0.73,3.92,1.11,0.01,1.86,2.02,1.38,3.15,0.01,1.22,1.71,0.97,0.85,2.91,0.99,0.89,2.21,0.99,0.89,2.63,1,0.84,2.96,0.99,0.78,3.43,0.95,0.6,4.61
Front_Color__20160816162649.jpg,2016/8/16 18:27,Lens1Color,1.31,0.54,3.97,1.21,0.69,2.8,0.86,1.11,3.04,0.85,0.44,3.42,1.03,1.13,3.33,0.41,0.83,5.24,1.56,0.03,2.73,1.03,1.56,3.27,1.97,0.88,3.15,1.77,1.41,3.34,0.83,0.01,2.55,1.26,0.01,2.42,1.68,2.57,4.65,0.31,0.13,6.15,2.85,0.76,4.02,1.13,0.01,1.71,2.04,1.38,3.2,0.01,1.21,1.87,0.98,0.86,2.9,1.01,0.89,2.4,1.02,0.89,2.47,1.04,0.85,3.11,1.03,0.8,3.36,0.99,0.68,4.7
Front_Color__20160816162835.jpg,2016/8/16 18:27,Lens1Color,1.34,0.51,3.85,1.21,0.68,2.67,0.87,1.1,3.17,0.86,0.42,3.56,1.04,1.13,3.2,0.42,0.83,5.11,1.58,0.01,2.8,1.06,1.56,3.5,1.99,0.87,3.07,1.8,1.4,3.27,0.84,0.01,2.37,1.26,0.01,2.47,1.78,2.66,4.48,0.31,0.12,5.97,2.89,0.73,4.02,1.13,0.01,1.66,2.07,1.38,3.21,0.01,1.22,2.09,0.98,0.86,2.81,1.01,0.89,2.35,1.02,0.88,2.72,1.04,0.85,3,1.05,0.79,3.33,1.06,0.63,4.5
Front_Color__20160816163107.jpg,2016/8/16 18:27,Lens1Color,1.29,0.44,3.9,1.18,0.65,2.6,0.85,1.07,3.3,0.85,0.38,3.43,1.02,1.11,3.17,0.38,0.81,5.68,1.53,0.01,2.62,0.99,1.48,3.46,1.91,0.79,2.87,1.71,1.31,3.12,0.82,0.01,2.6,1.24,0.01,2.43,1.53,2.32,4.61,0.27,0.08,5.61,2.66,0.6,3.84,1.11,0.01,1.81,1.99,1.31,3.21,0.01,1.19,1.83,0.97,0.84,3.01,1,0.86,2.37,1,0.84,2.55,1.01,0.81,2.88,1,0.72,3.34,1,0.53,4.37
Front_Color__20160816163254.jpg,2016/8/16 18:27,Lens1Color,1.29,0.5,3.85,1.19,0.66,2.54,0.86,1.08,3.13,0.86,0.42,3.64,1.03,1.12,3.16,0.38,0.83,5.66,1.53,0.01,2.62,1,1.51,3.59,1.92,0.83,3.13,1.72,1.34,3.23,0.82,0.01,2.73,1.24,0.01,2.34,1.54,2.39,4.57,0.27,0.09,5.6,2.69,0.67,4.04,1.11,0.01,1.82,1.99,1.33,3.22,0.01,1.2,1.9,0.97,0.84,3.04,1,0.86,2.34,1,0.85,2.41,1.01,0.82,2.98,1.01,0.76,3.41,1.01,0.61,4.48
Front_Color__20160816163442.jpg,2016/8/16 18:27,Lens1Color,1.28,0.49,3.84,1.19,0.66,2.65,0.86,1.08,3.25,0.85,0.42,3.48,1.02,1.11,3.09,0.38,0.82,6.04,1.53,0.01,2.63,1,1.5,3.35,1.91,0.82,3.1,1.71,1.33,3.1,0.82,0.01,2.57,1.24,0.01,2.38,1.57,2.43,4.48,0.27,0.09,5.64,2.67,0.65,4.03,1.11,0.01,1.81,1.99,1.32,3.22,0.01,1.19,1.98,0.97,0.83,3.06,1,0.86,2.36,1,0.84,2.67,1.02,0.81,2.94,1.01,0.75,3.29,1,0.6,4.4
Front_Color__20160816163722.jpg,2016/8/16 18:27,Lens1Color,1.35,0.53,4.05,1.21,0.68,2.58,0.87,1.1,3.09,0.86,0.42,3.6,1.03,1.13,3.11,0.4,0.83,5.08,1.58,0.02,2.78,1.06,1.55,3.51,1.97,0.86,3.04,1.78,1.38,3.75,0.84,0.01,2.31,1.25,0.01,2.41,1.78,2.64,4.47,0.33,0.1,5.93,2.79,0.72,4.02,1.12,0.01,1.88,2.04,1.35,2.98,0.01,1.21,2.11,0.97,0.87,2.79,1,0.88,2.21,1,0.88,2.58,1.02,0.83,3.1,1.02,0.76,3.53,1.02,0.59,4.68
Front_Color__20160816163915.jpg,2016/8/16 18:27,Lens1Color,1.31,0.53,3.84,1.2,0.68,2.73,0.85,1.09,3.2,0.84,0.42,3.49,1.02,1.13,3.22,0.37,0.83,5.79,1.56,0.02,2.74,1.02,1.54,3.6,1.95,0.86,3.15,1.72,1.37,3.52,0.82,0.01,2.45,1.25,0.01,2.29,1.62,2.58,4.63,0.3,0.11,5.83,2.73,0.69,4.17,1.12,0.01,1.86,2.01,1.32,3.08,0.01,1.2,1.99,0.97,0.86,2.89,0.99,0.88,2.31,0.99,0.88,2.49,1,0.83,3.1,0.98,0.75,3.48,0.94,0.58,4.9
Front_Color__20160816164104.jpg,2016/8/16 18:27,Lens1Color,1.34,0.54,3.9,1.21,0.68,2.73,0.87,1.1,3.05,0.86,0.42,3.58,1.03,1.13,3.13,0.4,0.83,5.16,1.58,0.02,2.8,1.06,1.55,3.39,1.97,0.86,3.1,1.78,1.38,3.56,0.83,0.01,2.31,1.25,0.01,2.47,1.79,2.64,4.21,0.33,0.1,5.99,2.78,0.7,4.17,1.12,0.01,1.9,2.03,1.33,3.08,0.01,1.21,2.01,0.97,0.86,2.72,1,0.88,2.15,1.01,0.87,2.67,1.02,0.83,3.27,1.03,0.76,3.32,1.03,0.58,4.59
Front_Color__20160816164254.jpg,2016/8/16 18:27,Lens1Color,1.34,0.56,3.87,1.2,0.69,2.53,0.87,1.1,3.03,0.87,0.45,3.68,1.03,1.13,3.26,0.41,0.84,5.4,1.57,0.02,2.79,1.06,1.54,3.65,1.95,0.87,3.09,1.74,1.37,3.5,0.83,0.01,2.29,1.25,0.01,2.29,1.75,2.58,4.68,0.34,0.11,5.77,2.7,0.71,3.96,1.12,0.01,1.67,1.99,1.33,3.04,0.01,1.21,1.97,0.97,0.86,2.71,1,0.88,2.27,1,0.88,2.59,1.02,0.83,3.1,1.02,0.77,3.54,1.01,0.6,4.58
Front_Color__20160816164524.jpg,2016/8/16 18:27,Lens1Color,1.29,0.5,4.03,1.2,0.67,2.76,0.86,1.09,3.33,0.85,0.43,3.65,1.03,1.12,3.37,0.39,0.83,5.93,1.56,0.01,2.86,1.03,1.54,3.77,1.95,0.85,3.49,1.74,1.39,3.7,0.83,0.01,2.58,1.25,0.01,2.42,1.59,2.52,4.42,0.29,0.12,6.03,2.74,0.67,4.26,1.12,0.01,1.9,2.01,1.36,3,0.01,1.2,1.93,0.97,0.85,3,1,0.88,2.43,1,0.88,2.63,1.01,0.84,3.32,0.99,0.78,3.6,0.96,0.63,4.84
Front_Color__20160816164711.jpg,2016/8/16 18:27,Lens1Color,1.32,0.5,4.09,1.2,0.67,2.59,0.88,1.09,3.26,0.87,0.43,3.52,1.04,1.12,3.34,0.42,0.83,5.26,1.56,0.01,2.61,1.06,1.53,3.53,1.96,0.84,3.3,1.76,1.37,3.6,0.83,0.01,2.53,1.26,0.01,2.55,1.67,2.47,4.31,0.34,0.12,5.69,2.74,0.66,4.14,1.12,0.01,1.89,2.02,1.35,3.18,0.01,1.2,1.95,0.97,0.85,3.01,1.01,0.88,2.28,1.01,0.87,2.63,1.03,0.83,3.32,1.02,0.77,3.59,1.02,0.6,4.86
Front_Color__20160816164913.jpg,2016/8/16 18:27,Lens1Color,1.32,0.56,4.01,1.2,0.68,2.67,0.87,1.09,3.27,0.87,0.45,3.54,1.04,1.12,3.22,0.42,0.83,5.24,1.56,0.03,2.83,1.05,1.54,3.75,1.96,0.86,3.23,1.76,1.39,3.74,0.84,0.01,2.5,1.26,0.01,2.42,1.68,2.55,3.98,0.33,0.13,5.8,2.75,0.72,4.09,1.12,0.01,1.96,2.03,1.37,3.2,0.01,1.2,1.85,0.97,0.85,2.96,1.01,0.89,2.31,1.01,0.89,2.65,1.02,0.85,3.21,1.01,0.79,3.62,1,0.68,4.78
Front_Color__20160816165408.jpg,2016/8/16 18:27,Lens1Color,1.22,0.56,3.66,1.18,0.66,2.67,0.87,1.03,3.3,0.88,0.45,3.2,1.02,1.06,3.27,0.44,0.79,5.07,1.5,0.07,2.81,1,1.38,3.51,1.8,0.81,2.95,1.57,1.22,3.25,0.84,0.01,2.71,1.24,0.01,2.56,1.32,1.82,3.89,0.38,0.16,5.51,2.29,0.69,3.16,1.11,0.01,1.86,1.87,1.22,3.03,0.03,1.14,2.88,0.97,0.83,2.78,1,0.86,2.35,1,0.83,2.56,1.01,0.81,2.91,1,0.76,3.22,0.97,0.64,4.04
Front_Color__20160816165622.jpg,2016/8/16 18:27,Lens1Color,1.24,0.58,3.77,1.18,0.66,2.69,0.88,1.04,3.22,0.88,0.45,3.43,1.02,1.06,3.16,0.45,0.79,4.85,1.5,0.07,2.88,1.01,1.39,3.4,1.82,0.82,3,1.58,1.23,3.13,0.84,0.02,2.83,1.24,0.02,2.66,1.37,1.89,4.24,0.38,0.16,5.43,2.33,0.7,3.24,1.11,0.01,1.89,1.88,1.23,3.23,0.03,1.14,2.99,0.97,0.83,2.77,1,0.86,2.34,1,0.84,2.55,1.02,0.81,3.11,1,0.76,3.51,0.98,0.67,4.25
Front_Color__20160816165809.jpg,2016/8/16 18:28,Lens1Color,1.2,0.64,3.56,1.18,0.7,2.67,0.92,1.03,3.24,0.92,0.55,3.2,1.04,1.06,2.93,0.55,0.83,4.37,1.47,0.18,2.83,1.05,1.31,3.18,1.71,0.85,3,1.46,1.13,3.04,0.86,0.1,2.91,1.23,0.11,2.63,1.25,1.51,4.02,0.53,0.28,4.4,2.02,0.75,3.07,1.11,0.01,2.03,1.74,1.17,2.83,0.19,1.13,4.2,0.99,0.85,2.71,1.02,0.87,2.43,1.02,0.85,2.53,1.03,0.81,3.13,1.03,0.78,3.24,1.03,0.74,3.76
Front_Color__20160816170051.jpg,2016/8/16 18:28,Lens1Color,1.32,0.54,3.97,1.2,0.67,2.63,0.86,1.08,3.12,0.86,0.42,3.26,1.03,1.12,3.14,0.4,0.83,5.22,1.55,0.03,2.89,1.02,1.54,3.42,1.91,0.84,3.19,1.72,1.37,3.57,0.82,0.01,2.54,1.24,0.01,2.48,1.71,2.58,4.25,0.3,0.13,5.67,2.66,0.73,3.81,1.1,0.01,1.67,1.98,1.35,3.3,0.01,1.2,1.98,0.97,0.85,2.87,0.99,0.88,2.21,0.99,0.88,2.58,1,0.85,3.06,1.01,0.79,3.63,1.02,0.66,4.72
Front_Color__20160816170254.jpg,2016/8/16 18:28,Lens1Color,1.31,0.48,3.98,1.2,0.66,2.55,0.85,1.07,3.21,0.86,0.39,3.25,1.02,1.1,3.31,0.4,0.81,5.15,1.55,0.01,2.68,1.02,1.51,3.74,1.91,0.82,3.09,1.7,1.33,3.45,0.81,0.01,2.43,1.24,0.01,2.48,1.69,2.49,4.12,0.3,0.1,5.58,2.62,0.63,3.78,1.1,0.01,1.62,1.98,1.32,3.41,0.01,1.19,1.89,0.97,0.84,2.94,0.99,0.87,2.27,0.99,0.87,2.5,1,0.83,2.85,1,0.76,3.09,1.03,0.57,4.5
Front_Color__20160816170442.jpg,2016/8/16 18:28,Lens1Color,1.34,0.55,4.04,1.2,0.68,2.58,0.87,1.09,3.16,0.87,0.43,3.18,1.03,1.12,3.29,0.4,0.82,5.52,1.56,0.03,2.82,1.04,1.55,3.79,1.93,0.86,3.22,1.73,1.38,3.59,0.82,0.01,2.44,1.24,0.01,2.37,1.76,2.64,3.97,0.31,0.13,5.64,2.7,0.75,4.11,1.1,0.01,1.6,2.01,1.36,3.23,0.01,1.2,1.88,0.98,0.85,2.86,1,0.88,2.21,0.99,0.88,2.52,1.01,0.85,3.12,1.02,0.8,3.44,1.06,0.69,4.67
Front_Color__20160816170630.jpg,2016/8/16 18:28,Lens1Color,1.34,0.55,3.9,1.2,0.67,2.66,0.88,1.09,3.14,0.87,0.44,3.39,1.04,1.12,3.05,0.41,0.83,5.16,1.56,0.03,2.72,1.05,1.56,3.51,1.94,0.85,3.38,1.75,1.39,3.55,0.82,0.01,2.41,1.25,0.01,2.51,1.76,2.64,4.11,0.31,0.13,5.59,2.7,0.73,4.12,1.1,0.01,1.67,2.01,1.36,3.1,0.01,1.21,1.88,0.98,0.85,2.9,1,0.88,2.24,0.99,0.88,2.51,1.01,0.84,3.12,1.02,0.79,3.46,1.05,0.69,4.67
Back_Color__20160816094254.jpg,2016/8/16 18:28:51,Lens0Color,1.17,0.45,2.65,1.20,0.52,1.75,0.78,0.98,1.95,0.83,0.29,2.67,0.96,1.03,1.81,0.40,0.65,1.91,1.60,0.01,0.98,0.85,1.48,1.03,1.94,0.58,1.66,1.48,1.02,2.21,0.84,0.07,1.16,1.35,0.04,1.42,1.05,1.78,1.25,0.37,0.05,1.53,2.46,0.40,1.22,1.16,0.06,0.98,1.98,1.04,1.09,0.01,1.12,0.77,0.96,0.73,1.15,0.96,0.75,1.46,0.96,0.73,1.17,0.94,0.66,1.69,0.91,0.58,2.85,0.84,0.50,3.16,
Back_Color__20160816094255.jpg,2016/8/16 18:28:53,Lens0Color,1.17,0.45,2.65,1.20,0.52,1.75,0.78,0.98,1.95,0.83,0.29,2.67,0.96,1.03,1.81,0.40,0.65,1.91,1.60,0.01,0.98,0.85,1.48,1.03,1.94,0.58,1.66,1.48,1.02,2.21,0.84,0.07,1.16,1.35,0.04,1.42,1.05,1.78,1.25,0.37,0.05,1.53,2.46,0.40,1.22,1.16,0.06,0.98,1.98,1.04,1.09,0.01,1.12,0.77,0.96,0.73,1.15,0.96,0.75,1.46,0.96,0.73,1.17,0.94,0.66,1.69,0.91,0.58,2.85,0.84,0.50,3.16,
Back_Color__20160816094505.jpg,2016/8/16 18:28:56,Lens0Color,1.16,0.45,2.70,1.19,0.52,1.89,0.78,0.98,1.67,0.83,0.28,2.53,0.96,1.03,1.72,0.40,0.66,1.85,1.58,0.01,1.13,0.86,1.48,1.12,1.93,0.59,1.73,1.49,1.04,2.32,0.84,0.07,1.14,1.33,0.04,1.10,1.04,1.75,1.35,0.37,0.05,1.36,2.44,0.41,1.21,1.17,0.06,0.95,1.96,1.04,1.20,0.01,1.12,0.88,0.96,0.74,1.06,0.96,0.76,1.51,0.96,0.73,1.25,0.94,0.67,1.77,0.91,0.59,2.68,0.84,0.51,3.21,
Back_Color__20160816094506.jpg,2016/8/16 18:28:58,Lens0Color,1.16,0.45,2.70,1.19,0.52,1.89,0.78,0.98,1.67,0.83,0.28,2.53,0.96,1.03,1.72,0.40,0.66,1.85,1.58,0.01,1.13,0.86,1.48,1.12,1.93,0.59,1.73,1.49,1.04,2.32,0.84,0.07,1.14,1.33,0.04,1.10,1.04,1.75,1.35,0.37,0.05,1.36,2.44,0.41,1.21,1.17,0.06,0.95,1.96,1.04,1.20,0.01,1.12,0.88,0.96,0.74,1.06,0.96,0.76,1.51,0.96,0.73,1.25,0.94,0.67,1.77,0.91,0.59,2.68,0.84,0.51,3.21,
Back_Color__20160816094707.jpg,2016/8/16 18:29:00,Lens0Color,1.17,0.45,2.59,1.20,0.52,1.68,0.78,0.99,1.93,0.83,0.29,2.73,0.96,1.03,1.81,0.40,0.65,1.79,1.60,0.01,0.98,0.85,1.48,1.01,1.94,0.58,1.73,1.49,1.02,2.14,0.84,0.07,1.12,1.34,0.04,1.44,1.05,1.78,1.30,0.37,0.05,1.42,2.46,0.40,1.28,1.17,0.06,0.95,1.98,1.04,1.08,0.01,1.12,0.68,0.96,0.73,1.17,0.96,0.75,1.54,0.96,0.73,1.18,0.94,0.66,1.67,0.91,0.58,2.63,0.84,0.50,3.68,
Back_Color__20160816094708.jpg,2016/8/16 18:29:02,Lens0Color,1.17,0.45,2.59,1.20,0.52,1.68,0.78,0.99,1.93,0.83,0.29,2.73,0.96,1.03,1.81,0.40,0.65,1.79,1.60,0.01,0.98,0.85,1.48,1.01,1.94,0.58,1.73,1.49,1.02,2.14,0.84,0.07,1.12,1.34,0.04,1.44,1.05,1.78,1.30,0.37,0.05,1.42,2.46,0.40,1.28,1.17,0.06,0.95,1.98,1.04,1.08,0.01,1.12,0.68,0.96,0.73,1.17,0.96,0.75,1.54,0.96,0.73,1.18,0.94,0.66,1.67,0.91,0.58,2.63,0.84,0.50,3.68,
Back_Color__20160816095110.jpg,2016/8/16 18:29:04,Lens0Color,1.16,0.45,2.57,1.20,0.52,1.55,0.78,0.99,1.95,0.83,0.28,2.72,0.96,1.03,1.80,0.40,0.65,1.83,1.60,0.01,1.00,0.84,1.48,1.00,1.93,0.58,1.74,1.49,1.02,2.20,0.84,0.07,1.13,1.35,0.04,1.41,1.04,1.77,1.30,0.37,0.05,1.31,2.45,0.41,1.27,1.17,0.06,1.01,1.99,1.04,1.29,0.01,1.12,0.69,0.96,0.73,1.14,0.96,0.75,1.43,0.95,0.73,1.15,0.94,0.66,1.72,0.91,0.58,3.01,0.84,0.50,3.14,
Back_Color__20160816095111.jpg,2016/8/16 18:29:07,Lens0Color,1.16,0.45,2.57,1.20,0.52,1.55,0.78,0.99,1.95,0.83,0.28,2.72,0.96,1.03,1.80,0.40,0.65,1.83,1.60,0.01,1.00,0.84,1.48,1.00,1.93,0.58,1.74,1.49,1.02,2.20,0.84,0.07,1.13,1.35,0.04,1.41,1.04,1.77,1.30,0.37,0.05,1.31,2.45,0.41,1.27,1.17,0.06,1.01,1.99,1.04,1.29,0.01,1.12,0.69,0.96,0.73,1.14,0.96,0.75,1.43,0.95,0.73,1.15,0.94,0.66,1.72,0.91,0.58,3.01,0.84,0.50,3.14,
Back_Color__20160816095337.jpg,2016/8/16 18:29:09,Lens0Color,1.16,0.45,2.69,1.19,0.52,1.87,0.78,0.98,1.83,0.83,0.28,2.56,0.96,1.03,1.74,0.40,0.65,2.01,1.58,0.01,1.16,0.86,1.47,1.07,1.92,0.59,1.69,1.47,1.03,2.41,0.84,0.07,1.11,1.33,0.04,1.09,1.07,1.76,1.32,0.37,0.05,1.42,2.43,0.41,1.24,1.17,0.06,0.99,1.96,1.05,1.00,0.01,1.13,0.79,0.96,0.74,1.09,0.96,0.76,1.48,0.96,0.73,1.30,0.94,0.67,1.75,0.91,0.58,2.60,0.84,0.51,3.47,
Back_Color__20160816095338.jpg,2016/8/16 18:29:11,Lens0Color,1.16,0.45,2.69,1.19,0.52,1.87,0.78,0.98,1.83,0.83,0.28,2.56,0.96,1.03,1.74,0.40,0.65,2.01,1.58,0.01,1.16,0.86,1.47,1.07,1.92,0.59,1.69,1.47,1.03,2.41,0.84,0.07,1.11,1.33,0.04,1.09,1.07,1.76,1.32,0.37,0.05,1.42,2.43,0.41,1.24,1.17,0.06,0.99,1.96,1.05,1.00,0.01,1.13,0.79,0.96,0.74,1.09,0.96,0.76,1.48,0.96,0.73,1.30,0.94,0.67,1.75,0.91,0.58,2.60,0.84,0.51,3.47,
Back_Color__20160816095611.jpg,2016/8/16 18:29:13,Lens0Color,1.17,0.44,2.61,1.20,0.51,1.59,0.78,0.99,1.87,0.82,0.28,2.65,0.96,1.03,1.94,0.40,0.65,1.88,1.60,0.01,0.92,0.85,1.48,1.03,1.94,0.58,1.76,1.49,1.02,2.30,0.84,0.06,1.12,1.35,0.04,1.40,1.05,1.78,1.28,0.36,0.05,1.51,2.47,0.41,1.36,1.17,0.06,0.97,2.00,1.04,1.13,0.01,1.13,0.74,0.96,0.73,1.17,0.96,0.75,1.41,0.96,0.73,1.21,0.94,0.66,1.47,0.91,0.57,3.10,0.84,0.50,3.09,
Back_Color__20160816095612.jpg,2016/8/16 18:29:16,Lens0Color,1.17,0.44,2.61,1.20,0.51,1.59,0.78,0.99,1.87,0.82,0.28,2.65,0.96,1.03,1.94,0.40,0.65,1.88,1.60,0.01,0.92,0.85,1.48,1.03,1.94,0.58,1.76,1.49,1.02,2.30,0.84,0.06,1.12,1.35,0.04,1.40,1.05,1.78,1.28,0.36,0.05,1.51,2.47,0.41,1.36,1.17,0.06,0.97,2.00,1.04,1.13,0.01,1.13,0.74,0.96,0.73,1.17,0.96,0.75,1.41,0.96,0.73,1.21,0.94,0.66,1.47,0.91,0.57,3.10,0.84,0.50,3.09,
Back_Color__20160816095759.jpg,2016/8/16 18:29:18,Lens0Color,1.16,0.45,2.84,1.19,0.52,1.84,0.78,0.98,1.79,0.83,0.29,2.53,0.96,1.03,1.79,0.40,0.65,1.92,1.59,0.01,1.24,0.86,1.48,1.13,1.93,0.59,1.67,1.48,1.03,2.28,0.84,0.07,1.14,1.33,0.04,1.09,1.04,1.75,1.40,0.37,0.05,1.40,2.44,0.41,1.29,1.17,0.06,1.03,1.96,1.04,1.06,0.01,1.12,0.81,0.96,0.74,1.05,0.96,0.76,1.39,0.96,0.73,1.28,0.95,0.66,1.74,0.91,0.58,4.19,0.84,0.50,2.81,
Back_Color__20160816095801.jpg,2016/8/16 18:29:20,Lens0Color,1.16,0.45,2.84,1.19,0.52,1.84,0.78,0.98,1.79,0.83,0.29,2.53,0.96,1.03,1.79,0.40,0.65,1.92,1.59,0.01,1.24,0.86,1.48,1.13,1.93,0.59,1.67,1.48,1.03,2.28,0.84,0.07,1.14,1.33,0.04,1.09,1.04,1.75,1.40,0.37,0.05,1.40,2.44,0.41,1.29,1.17,0.06,1.03,1.96,1.04,1.06,0.01,1.12,0.81,0.96,0.74,1.05,0.96,0.76,1.39,0.96,0.73,1.28,0.95,0.66,1.74,0.91,0.58,4.19,0.84,0.50,2.81,
Back_Color__20160816095954.jpg,2016/8/16 18:29:22,Lens0Color,1.16,0.45,2.65,1.19,0.52,1.87,0.78,0.98,1.78,0.83,0.29,2.59,0.97,1.03,1.82,0.40,0.65,1.84,1.58,0.01,1.12,0.85,1.48,1.12,1.92,0.58,1.73,1.49,1.03,2.41,0.84,0.07,1.05,1.33,0.04,1.01,1.05,1.76,1.39,0.38,0.05,1.35,2.45,0.41,1.28,1.17,0.06,1.01,1.96,1.04,1.04,0.01,1.13,0.76,0.96,0.73,1.20,0.96,0.76,1.52,0.96,0.73,1.19,0.94,0.65,1.72,0.91,0.58,2.49,0.84,0.51,3.55,
Back_Color__20160816095955.jpg,2016/8/16 18:29:24,Lens0Color,1.16,0.45,2.65,1.19,0.52,1.87,0.78,0.98,1.78,0.83,0.29,2.59,0.97,1.03,1.82,0.40,0.65,1.84,1.58,0.01,1.12,0.85,1.48,1.12,1.92,0.58,1.73,1.49,1.03,2.41,0.84,0.07,1.05,1.33,0.04,1.01,1.05,1.76,1.39,0.38,0.05,1.35,2.45,0.41,1.28,1.17,0.06,1.01,1.96,1.04,1.04,0.01,1.13,0.76,0.96,0.73,1.20,0.96,0.76,1.52,0.96,0.73,1.19,0.94,0.65,1.72,0.91,0.58,2.49,0.84,0.51,3.55,
Back_Color__20160816100204.jpg,2016/8/16 18:29:27,Lens0Color,1.16,0.45,2.64,1.20,0.52,1.70,0.78,0.98,1.97,0.83,0.28,2.63,0.96,1.03,1.83,0.40,0.65,1.90,1.60,0.01,0.94,0.85,1.48,1.06,1.93,0.58,1.78,1.47,1.02,2.22,0.84,0.07,1.16,1.35,0.04,1.47,1.07,1.78,1.35,0.37,0.05,1.42,2.46,0.39,1.29,1.17,0.06,0.99,1.99,1.04,1.14,0.01,1.12,0.81,0.96,0.73,1.14,0.96,0.75,1.43,0.95,0.73,1.09,0.94,0.66,1.70,0.91,0.57,4.13,0.84,0.49,2.86,
Back_Color__20160816100205.jpg,2016/8/16 18:29:29,Lens0Color,1.16,0.45,2.64,1.20,0.52,1.70,0.78,0.98,1.97,0.83,0.28,2.63,0.96,1.03,1.83,0.40,0.65,1.90,1.60,0.01,0.94,0.85,1.48,1.06,1.93,0.58,1.78,1.47,1.02,2.22,0.84,0.07,1.16,1.35,0.04,1.47,1.07,1.78,1.35,0.37,0.05,1.42,2.46,0.39,1.29,1.17,0.06,0.99,1.99,1.04,1.14,0.01,1.12,0.81,0.96,0.73,1.14,0.96,0.75,1.43,0.95,0.73,1.09,0.94,0.66,1.70,0.91,0.57,4.13,0.84,0.49,2.86,
Back_Color__20160816100412.jpg,2016/8/16 18:29:31,Lens0Color,1.17,0.44,2.59,1.19,0.51,1.63,0.78,0.98,1.93,0.83,0.28,2.68,0.96,1.03,1.88,0.40,0.65,1.96,1.60,0.01,0.97,0.85,1.49,1.13,1.94,0.58,1.79,1.50,1.02,2.19,0.84,0.06,1.18,1.34,0.04,1.35,1.05,1.77,1.38,0.37,0.05,1.39,2.47,0.39,1.38,1.17,0.06,1.00,2.00,1.04,1.22,0.01,1.13,0.74,0.96,0.73,1.14,0.96,0.75,1.35,0.95,0.72,1.23,0.95,0.66,1.59,0.91,0.57,3.26,0.84,0.50,2.75,
Back_Color__20160816100413.jpg,2016/8/16 18:29:33,Lens0Color,1.17,0.44,2.59,1.19,0.51,1.63,0.78,0.98,1.93,0.83,0.28,2.68,0.96,1.03,1.88,0.40,0.65,1.96,1.60,0.01,0.97,0.85,1.49,1.13,1.94,0.58,1.79,1.50,1.02,2.19,0.84,0.06,1.18,1.34,0.04,1.35,1.05,1.77,1.38,0.37,0.05,1.39,2.47,0.39,1.38,1.17,0.06,1.00,2.00,1.04,1.22,0.01,1.13,0.74,0.96,0.73,1.14,0.96,0.75,1.35,0.95,0.72,1.23,0.95,0.66,1.59,0.91,0.57,3.26,0.84,0.50,2.75,
Back_Color__20160816100627.jpg,2016/8/16 18:29:36,Lens0Color,1.17,0.44,2.49,1.19,0.51,1.66,0.78,0.98,1.95,0.83,0.28,2.71,0.96,1.03,1.80,0.40,0.65,1.80,1.60,0.01,1.02,0.85,1.48,0.92,1.94,0.58,1.80,1.49,1.02,2.22,0.84,0.07,1.10,1.34,0.04,1.45,1.05,1.77,1.34,0.36,0.05,1.43,2.48,0.40,1.31,1.17,0.06,0.98,1.99,1.04,1.13,0.01,1.12,0.78,0.96,0.73,1.17,0.96,0.75,1.38,0.96,0.73,1.16,0.94,0.66,1.60,0.91,0.58,2.97,0.84,0.50,3.71,
Back_Color__20160816100629.jpg,2016/8/16 18:29:38,Lens0Color,1.17,0.44,2.49,1.19,0.51,1.66,0.78,0.98,1.95,0.83,0.28,2.71,0.96,1.03,1.80,0.40,0.65,1.80,1.60,0.01,1.02,0.85,1.48,0.92,1.94,0.58,1.80,1.49,1.02,2.22,0.84,0.07,1.10,1.34,0.04,1.45,1.05,1.77,1.34,0.36,0.05,1.43,2.48,0.40,1.31,1.17,0.06,0.98,1.99,1.04,1.13,0.01,1.12,0.78,0.96,0.73,1.17,0.96,0.75,1.38,0.96,0.73,1.16,0.94,0.66,1.60,0.91,0.58,2.97,0.84,0.50,3.71,
Back_Color__20160816100832.jpg,2016/8/16 18:29:40,Lens0Color,1.16,0.45,2.56,1.19,0.51,1.62,0.78,0.98,1.93,0.83,0.28,2.66,0.96,1.02,1.76,0.39,0.65,1.92,1.60,0.01,1.13,0.86,1.48,1.07,1.94,0.58,1.67,1.49,1.02,2.27,0.84,0.07,1.15,1.35,0.04,1.41,1.07,1.76,1.35,0.37,0.05,1.42,2.47,0.40,1.22,1.17,0.06,0.97,1.98,1.04,1.07,0.01,1.12,0.76,0.96,0.73,1.15,0.96,0.75,1.36,0.96,0.73,1.10,0.95,0.66,1.60,0.91,0.57,2.67,0.84,0.50,3.71,
Back_Color__20160816100833.jpg,2016/8/16 18:29:42,Lens0Color,1.16,0.45,2.56,1.19,0.51,1.62,0.78,0.98,1.93,0.83,0.28,2.66,0.96,1.02,1.76,0.39,0.65,1.92,1.60,0.01,1.13,0.86,1.48,1.07,1.94,0.58,1.67,1.49,1.02,2.27,0.84,0.07,1.15,1.35,0.04,1.41,1.07,1.76,1.35,0.37,0.05,1.42,2.47,0.40,1.22,1.17,0.06,0.97,1.98,1.04,1.07,0.01,1.12,0.76,0.96,0.73,1.15,0.96,0.75,1.36,0.96,0.73,1.10,0.95,0.66,1.60,0.91,0.57,2.67,0.84,0.50,3.71,
Back_Color__20160816101135.jpg,2016/8/16 18:29:44,Lens0Color,1.18,0.50,2.59,1.19,0.57,1.60,0.79,1.02,2.01,0.82,0.33,2.71,0.96,1.05,1.84,0.41,0.68,1.90,1.60,0.01,0.96,0.86,1.52,0.98,1.90,0.62,1.68,1.47,1.07,2.12,0.84,0.07,1.11,1.33,0.04,1.16,1.04,1.79,1.33,0.37,0.05,1.29,2.41,0.46,1.35,1.17,0.06,0.98,1.96,1.06,1.25,0.03,1.15,0.81,0.96,0.76,1.14,0.96,0.77,1.59,0.96,0.76,1.34,0.95,0.69,1.75,0.92,0.60,3.44,0.85,0.55,3.46,
Back_Color__20160816101136.jpg,2016/8/16 18:29:46,Lens0Color,1.18,0.50,2.59,1.19,0.57,1.60,0.79,1.02,2.01,0.82,0.33,2.71,0.96,1.05,1.84,0.41,0.68,1.90,1.60,0.01,0.96,0.86,1.52,0.98,1.90,0.62,1.68,1.47,1.07,2.12,0.84,0.07,1.11,1.33,0.04,1.16,1.04,1.79,1.33,0.37,0.05,1.29,2.41,0.46,1.35,1.17,0.06,0.98,1.96,1.06,1.25,0.03,1.15,0.81,0.96,0.76,1.14,0.96,0.77,1.59,0.96,0.76,1.34,0.95,0.69,1.75,0.92,0.60,3.44,0.85,0.55,3.46,
Back_Color__20160816101322.jpg,2016/8/16 18:29:49,Lens0Color,1.17,0.48,2.70,1.19,0.56,1.65,0.79,1.01,1.97,0.82,0.33,2.70,0.96,1.05,1.91,0.41,0.68,1.78,1.59,0.01,0.96,0.84,1.49,0.96,1.90,0.62,1.83,1.47,1.07,2.30,0.84,0.07,1.12,1.33,0.04,1.03,1.04,1.78,1.24,0.37,0.05,1.38,2.40,0.46,1.44,1.16,0.06,0.93,1.96,1.06,1.25,0.03,1.15,0.93,0.96,0.76,1.17,0.95,0.77,1.52,0.96,0.75,1.33,0.95,0.69,1.75,0.92,0.60,3.20,0.85,0.54,3.34,
Back_Color__20160816101323.jpg,2016/8/16 18:29:51,Lens0Color,1.17,0.48,2.70,1.19,0.56,1.65,0.79,1.01,1.97,0.82,0.33,2.70,0.96,1.05,1.91,0.41,0.68,1.78,1.59,0.01,0.96,0.84,1.49,0.96,1.90,0.62,1.83,1.47,1.07,2.30,0.84,0.07,1.12,1.33,0.04,1.03,1.04,1.78,1.24,0.37,0.05,1.38,2.40,0.46,1.44,1.16,0.06,0.93,1.96,1.06,1.25,0.03,1.15,0.93,0.96,0.76,1.17,0.95,0.77,1.52,0.96,0.75,1.33,0.95,0.69,1.75,0.92,0.60,3.20,0.85,0.54,3.34,
Back_Color__20160816101514.jpg,2016/8/16 18:29:53,Lens0Color,1.18,0.48,2.55,1.19,0.56,1.55,0.79,1.01,1.93,0.82,0.33,2.76,0.95,1.05,1.80,0.41,0.68,1.87,1.59,0.01,1.03,0.84,1.50,0.92,1.90,0.61,1.79,1.47,1.06,2.13,0.84,0.07,1.02,1.34,0.04,1.17,1.04,1.79,1.18,0.37,0.05,1.36,2.41,0.46,1.36,1.17,0.06,0.96,1.96,1.05,1.10,0.03,1.15,0.81,0.96,0.75,1.17,0.95,0.77,1.52,0.95,0.76,1.29,0.95,0.69,1.67,0.93,0.61,2.49,0.85,0.54,3.76,
Back_Color__20160816101515.jpg,2016/8/16 18:29:55,Lens0Color,1.18,0.48,2.55,1.19,0.56,1.55,0.79,1.01,1.93,0.82,0.33,2.76,0.95,1.05,1.80,0.41,0.68,1.87,1.59,0.01,1.03,0.84,1.50,0.92,1.90,0.61,1.79,1.47,1.06,2.13,0.84,0.07,1.02,1.34,0.04,1.17,1.04,1.79,1.18,0.37,0.05,1.36,2.41,0.46,1.36,1.17,0.06,0.96,1.96,1.05,1.10,0.03,1.15,0.81,0.96,0.75,1.17,0.95,0.77,1.52,0.95,0.76,1.29,0.95,0.69,1.67,0.93,0.61,2.49,0.85,0.54,3.76,
Back_Color__20160816101809.jpg,2016/8/16 18:29:57,Lens0Color,1.15,0.46,2.72,1.18,0.52,1.50,0.78,0.97,1.68,0.82,0.30,2.67,0.95,1.03,1.81,0.41,0.66,1.78,1.58,0.01,0.98,0.87,1.49,0.99,1.90,0.58,1.63,1.46,1.02,2.29,0.84,0.07,1.07,1.33,0.04,1.17,1.04,1.76,1.21,0.37,0.05,1.43,2.39,0.43,1.41,1.17,0.06,0.97,1.97,1.04,1.02,0.03,1.12,0.73,0.96,0.74,1.26,0.95,0.76,1.49,0.94,0.74,1.20,0.94,0.67,1.63,0.91,0.58,2.55,0.84,0.51,3.37,
Back_Color__20160816101811.jpg,2016/8/16 18:30:00,Lens0Color,1.15,0.46,2.72,1.18,0.52,1.50,0.78,0.97,1.68,0.82,0.30,2.67,0.95,1.03,1.81,0.41,0.66,1.78,1.58,0.01,0.98,0.87,1.49,0.99,1.90,0.58,1.63,1.46,1.02,2.29,0.84,0.07,1.07,1.33,0.04,1.17,1.04,1.76,1.21,0.37,0.05,1.43,2.39,0.43,1.41,1.17,0.06,0.97,1.97,1.04,1.02,0.03,1.12,0.73,0.96,0.74,1.26,0.95,0.76,1.49,0.94,0.74,1.20,0.94,0.67,1.63,0.91,0.58,2.55,0.84,0.51,3.37,
Back_Color__20160816102000.jpg,2016/8/16 18:30:02,Lens0Color,1.15,0.46,2.64,1.18,0.52,1.60,0.79,0.98,1.78,0.82,0.30,2.66,0.95,1.03,1.74,0.41,0.66,1.77,1.58,0.01,1.05,0.88,1.49,1.13,1.91,0.59,1.66,1.46,1.01,2.33,0.84,0.07,1.10,1.33,0.04,1.22,1.03,1.75,1.19,0.37,0.05,1.32,2.40,0.43,1.35,1.17,0.06,1.00,1.97,1.04,1.08,0.03,1.12,0.78,0.96,0.73,1.19,0.96,0.76,1.54,0.95,0.73,1.25,0.94,0.66,1.64,0.91,0.58,2.30,0.84,0.52,3.59,
Back_Color__20160816102001.jpg,2016/8/16 18:30:04,Lens0Color,1.15,0.46,2.64,1.18,0.52,1.60,0.79,0.98,1.78,0.82,0.30,2.66,0.95,1.03,1.74,0.41,0.66,1.77,1.58,0.01,1.05,0.88,1.49,1.13,1.91,0.59,1.66,1.46,1.01,2.33,0.84,0.07,1.10,1.33,0.04,1.22,1.03,1.75,1.19,0.37,0.05,1.32,2.40,0.43,1.35,1.17,0.06,1.00,1.97,1.04,1.08,0.03,1.12,0.78,0.96,0.73,1.19,0.96,0.76,1.54,0.95,0.73,1.25,0.94,0.66,1.64,0.91,0.58,2.30,0.84,0.52,3.59,
Back_Color__20160816102154.jpg,2016/8/16 18:30:06,Lens0Color,1.16,0.46,2.70,1.19,0.52,1.63,0.78,0.97,1.87,0.82,0.30,2.59,0.96,1.02,1.69,0.41,0.66,1.82,1.58,0.01,0.98,0.87,1.49,0.96,1.91,0.59,1.69,1.46,1.01,2.32,0.84,0.07,1.05,1.33,0.04,1.16,1.03,1.76,1.27,0.37,0.05,1.26,2.40,0.42,1.42,1.17,0.06,0.97,1.97,1.04,1.12,0.03,1.12,0.81,0.95,0.73,1.31,0.95,0.75,1.51,0.95,0.73,1.22,0.94,0.66,1.61,0.91,0.58,2.29,0.85,0.52,3.70,
Back_Color__20160816102155.jpg,2016/8/16 18:30:09,Lens0Color,1.16,0.46,2.70,1.19,0.52,1.63,0.78,0.97,1.87,0.82,0.30,2.59,0.96,1.02,1.69,0.41,0.66,1.82,1.58,0.01,0.98,0.87,1.49,0.96,1.91,0.59,1.69,1.46,1.01,2.32,0.84,0.07,1.05,1.33,0.04,1.16,1.03,1.76,1.27,0.37,0.05,1.26,2.40,0.42,1.42,1.17,0.06,0.97,1.97,1.04,1.12,0.03,1.12,0.81,0.95,0.73,1.31,0.95,0.75,1.51,0.95,0.73,1.22,0.94,0.66,1.61,0.91,0.58,2.29,0.85,0.52,3.70,
Back_Color__20160816102348.jpg,2016/8/16 18:30:11,Lens0Color,1.15,0.45,2.59,1.19,0.52,1.63,0.78,0.98,1.68,0.83,0.30,2.67,0.96,1.02,1.74,0.41,0.66,1.80,1.58,0.01,1.01,0.87,1.49,0.96,1.91,0.58,1.70,1.46,1.02,2.34,0.84,0.07,1.06,1.33,0.04,1.17,1.02,1.76,1.30,0.37,0.05,1.39,2.40,0.41,1.44,1.17,0.06,0.94,1.97,1.04,1.06,0.02,1.12,0.75,0.96,0.73,1.22,0.95,0.75,1.48,0.95,0.73,1.20,0.94,0.66,1.55,0.91,0.58,2.70,0.84,0.51,3.47,
Back_Color__20160816102349.jpg,2016/8/16 18:30:13,Lens0Color,1.15,0.45,2.59,1.19,0.52,1.63,0.78,0.98,1.68,0.83,0.30,2.67,0.96,1.02,1.74,0.41,0.66,1.80,1.58,0.01,1.01,0.87,1.49,0.96,1.91,0.58,1.70,1.46,1.02,2.34,0.84,0.07,1.06,1.33,0.04,1.17,1.02,1.76,1.30,0.37,0.05,1.39,2.40,0.41,1.44,1.17,0.06,0.94,1.97,1.04,1.06,0.02,1.12,0.75,0.96,0.73,1.22,0.95,0.75,1.48,0.95,0.73,1.20,0.94,0.66,1.55,0.91,0.58,2.70,0.84,0.51,3.47,
Back_Color__20160816102938.jpg,2016/8/16 18:30:15,Lens0Color,1.15,0.46,2.52,1.19,0.52,1.63,0.78,0.98,1.69,0.83,0.30,2.65,0.95,1.02,1.81,0.41,0.66,1.81,1.59,0.01,0.95,0.87,1.48,0.97,1.91,0.59,1.65,1.45,1.02,2.29,0.84,0.07,1.09,1.33,0.04,1.09,1.03,1.76,1.35,0.37,0.05,1.31,2.41,0.42,1.44,1.17,0.06,0.94,1.97,1.04,1.09,0.02,1.12,0.78,0.96,0.73,1.29,0.95,0.76,1.50,0.94,0.73,1.17,0.94,0.66,1.48,0.91,0.58,2.29,0.84,0.51,3.51,
Back_Color__20160816102939.jpg,2016/8/16 18:30:17,Lens0Color,1.15,0.46,2.52,1.19,0.52,1.63,0.78,0.98,1.69,0.83,0.30,2.65,0.95,1.02,1.81,0.41,0.66,1.81,1.59,0.01,0.95,0.87,1.48,0.97,1.91,0.59,1.65,1.45,1.02,2.29,0.84,0.07,1.09,1.33,0.04,1.09,1.03,1.76,1.35,0.37,0.05,1.31,2.41,0.42,1.44,1.17,0.06,0.94,1.97,1.04,1.09,0.02,1.12,0.78,0.96,0.73,1.29,0.95,0.76,1.50,0.94,0.73,1.17,0.94,0.66,1.48,0.91,0.58,2.29,0.84,0.51,3.51,
Back_Color__20160816103142.jpg,2016/8/16 18:30:20,Lens0Color,1.15,0.46,2.62,1.19,0.52,1.63,0.78,0.97,1.68,0.82,0.30,2.55,0.95,1.02,1.78,0.41,0.66,1.72,1.58,0.01,1.02,0.87,1.49,1.02,1.91,0.58,1.59,1.46,1.01,2.41,0.84,0.07,1.16,1.33,0.04,1.16,1.03,1.76,1.26,0.37,0.05,1.34,2.40,0.41,1.44,1.17,0.06,0.93,1.97,1.04,0.98,0.02,1.12,0.83,0.95,0.73,1.30,0.95,0.75,1.43,0.95,0.73,1.21,0.94,0.66,1.64,0.91,0.57,2.29,0.85,0.51,3.46,
Back_Color__20160816103143.jpg,2016/8/16 18:30:22,Lens0Color,1.15,0.46,2.62,1.19,0.52,1.63,0.78,0.97,1.68,0.82,0.30,2.55,0.95,1.02,1.78,0.41,0.66,1.72,1.58,0.01,1.02,0.87,1.49,1.02,1.91,0.58,1.59,1.46,1.01,2.41,0.84,0.07,1.16,1.33,0.04,1.16,1.03,1.76,1.26,0.37,0.05,1.34,2.40,0.41,1.44,1.17,0.06,0.93,1.97,1.04,0.98,0.02,1.12,0.83,0.95,0.73,1.30,0.95,0.75,1.43,0.95,0.73,1.21,0.94,0.66,1.64,0.91,0.57,2.29,0.85,0.51,3.46,
Back_Color__20160816103401.jpg,2016/8/16 18:30:24,Lens0Color,1.15,0.46,2.60,1.19,0.52,1.51,0.79,0.98,1.79,0.82,0.31,2.72,0.96,1.02,1.72,0.41,0.66,1.71,1.58,0.01,1.00,0.87,1.49,1.01,1.91,0.59,1.70,1.46,1.02,2.49,0.84,0.07,1.04,1.33,0.04,1.22,1.03,1.76,1.22,0.37,0.05,1.27,2.41,0.41,1.46,1.17,0.06,0.96,1.97,1.03,1.06,0.02,1.12,0.79,0.96,0.73,1.30,0.96,0.76,1.42,0.95,0.73,1.14,0.95,0.66,1.53,0.91,0.58,2.49,0.84,0.51,3.38,
Back_Color__20160816103402.jpg,2016/8/16 18:30:26,Lens0Color,1.15,0.46,2.60,1.19,0.52,1.51,0.79,0.98,1.79,0.82,0.31,2.72,0.96,1.02,1.72,0.41,0.66,1.71,1.58,0.01,1.00,0.87,1.49,1.01,1.91,0.59,1.70,1.46,1.02,2.49,0.84,0.07,1.04,1.33,0.04,1.22,1.03,1.76,1.22,0.37,0.05,1.27,2.41,0.41,1.46,1.17,0.06,0.96,1.97,1.03,1.06,0.02,1.12,0.79,0.96,0.73,1.30,0.96,0.76,1.42,0.95,0.73,1.14,0.95,0.66,1.53,0.91,0.58,2.49,0.84,0.51,3.38,
Back_Color__20160816103714.jpg,2016/8/16 18:30:29,Lens0Color,1.15,0.46,2.61,1.18,0.52,1.65,0.78,0.98,1.82,0.82,0.30,2.63,0.96,1.02,1.75,0.40,0.66,1.74,1.59,0.01,0.94,0.88,1.49,0.99,1.91,0.58,1.61,1.47,1.02,2.36,0.84,0.07,1.10,1.33,0.04,1.25,1.03,1.77,1.22,0.37,0.05,1.33,2.40,0.42,1.44,1.17,0.06,1.04,1.97,1.04,1.06,0.02,1.12,0.78,0.95,0.73,1.24,0.96,0.75,1.57,0.95,0.73,1.23,0.94,0.66,1.53,0.91,0.58,2.22,0.84,0.52,3.05,
Back_Color__20160816103716.jpg,2016/8/16 18:30:31,Lens0Color,1.15,0.46,2.61,1.18,0.52,1.65,0.78,0.98,1.82,0.82,0.30,2.63,0.96,1.02,1.75,0.40,0.66,1.74,1.59,0.01,0.94,0.88,1.49,0.99,1.91,0.58,1.61,1.47,1.02,2.36,0.84,0.07,1.10,1.33,0.04,1.25,1.03,1.77,1.22,0.37,0.05,1.33,2.40,0.42,1.44,1.17,0.06,1.04,1.97,1.04,1.06,0.02,1.12,0.78,0.95,0.73,1.24,0.96,0.75,1.57,0.95,0.73,1.23,0.94,0.66,1.53,0.91,0.58,2.22,0.84,0.52,3.05,
Back_Color__20160816103937.jpg,2016/8/16 18:30:33,Lens0Color,1.16,0.45,2.59,1.19,0.52,1.67,0.78,0.97,1.81,0.81,0.30,2.61,0.96,1.02,1.69,0.41,0.66,1.70,1.58,0.01,1.01,0.87,1.49,0.98,1.91,0.58,1.66,1.46,1.01,2.30,0.84,0.07,1.10,1.33,0.04,1.13,1.04,1.76,1.25,0.37,0.05,1.40,2.40,0.41,1.36,1.17,0.06,0.96,1.97,1.04,1.02,0.02,1.12,0.85,0.96,0.73,1.31,0.95,0.75,1.42,0.95,0.73,1.20,0.94,0.67,1.56,0.91,0.58,2.37,0.85,0.51,3.68,
Back_Color__20160816103938.jpg,2016/8/16 18:30:35,Lens0Color,1.16,0.45,2.59,1.19,0.52,1.67,0.78,0.97,1.81,0.81,0.30,2.61,0.96,1.02,1.69,0.41,0.66,1.70,1.58,0.01,1.01,0.87,1.49,0.98,1.91,0.58,1.66,1.46,1.01,2.30,0.84,0.07,1.10,1.33,0.04,1.13,1.04,1.76,1.25,0.37,0.05,1.40,2.40,0.41,1.36,1.17,0.06,0.96,1.97,1.04,1.02,0.02,1.12,0.85,0.96,0.73,1.31,0.95,0.75,1.42,0.95,0.73,1.20,0.94,0.67,1.56,0.91,0.58,2.37,0.85,0.51,3.68,
Back_Color__20160816132124.jpg,2016/8/16 18:30:37,Lens0Color,1.16,0.46,2.72,1.20,0.52,1.83,0.79,0.97,1.99,0.83,0.29,2.56,0.97,1.02,1.80,0.43,0.65,1.80,1.60,0.01,1.04,0.87,1.49,1.02,1.93,0.58,1.54,1.49,1.03,2.06,0.85,0.07,1.17,1.34,0.04,1.04,1.05,1.78,1.08,0.37,0.05,1.29,2.45,0.43,1.33,1.17,0.06,0.89,1.98,1.04,1.00,0.02,1.11,0.77,0.97,0.74,1.26,0.97,0.74,1.50,0.96,0.73,1.33,0.96,0.66,1.70,0.93,0.58,2.47,0.87,0.51,3.76,
Back_Color__20160816132125.jpg,2016/8/16 18:30:39,Lens0Color,1.16,0.46,2.72,1.20,0.52,1.83,0.79,0.97,1.99,0.83,0.29,2.56,0.97,1.02,1.80,0.43,0.65,1.80,1.60,0.01,1.04,0.87,1.49,1.02,1.93,0.58,1.54,1.49,1.03,2.06,0.85,0.07,1.17,1.34,0.04,1.04,1.05,1.78,1.08,0.37,0.05,1.29,2.45,0.43,1.33,1.17,0.06,0.89,1.98,1.04,1.00,0.02,1.11,0.77,0.97,0.74,1.26,0.97,0.74,1.50,0.96,0.73,1.33,0.96,0.66,1.70,0.93,0.58,2.47,0.87,0.51,3.76,
Back_Color__20160816132314.jpg,2016/8/16 18:30:42,Lens0Color,1.16,0.46,2.77,1.20,0.52,1.83,0.79,0.97,1.91,0.84,0.30,2.55,0.97,1.01,1.77,0.43,0.65,1.67,1.59,0.01,1.07,0.87,1.48,1.14,1.92,0.58,1.71,1.48,1.02,2.09,0.85,0.07,1.09,1.34,0.04,1.02,1.04,1.78,1.20,0.38,0.05,1.29,2.43,0.43,1.19,1.17,0.07,0.94,1.96,1.02,0.93,0.03,1.11,0.72,0.97,0.74,1.25,0.97,0.75,1.60,0.96,0.73,1.38,0.96,0.66,1.68,0.93,0.58,2.38,0.88,0.51,3.96,
Back_Color__20160816132315.jpg,2016/8/16 18:30:44,Lens0Color,1.16,0.46,2.77,1.20,0.52,1.83,0.79,0.97,1.91,0.84,0.30,2.55,0.97,1.01,1.77,0.43,0.65,1.67,1.59,0.01,1.07,0.87,1.48,1.14,1.92,0.58,1.71,1.48,1.02,2.09,0.85,0.07,1.09,1.34,0.04,1.02,1.04,1.78,1.20,0.38,0.05,1.29,2.43,0.43,1.19,1.17,0.07,0.94,1.96,1.02,0.93,0.03,1.11,0.72,0.97,0.74,1.25,0.97,0.75,1.60,0.96,0.73,1.38,0.96,0.66,1.68,0.93,0.58,2.38,0.88,0.51,3.96,
Back_Color__20160816132605.jpg,2016/8/16 18:30:46,Lens0Color,0.88,0.54,4.19,0.94,0.59,2.55,0.96,0.66,1.64,0.97,0.72,1.37,0.97,0.74,1.50,0.97,0.74,1.36,0.06,1.12,0.69,1.93,1.03,0.92,1.18,0.06,0.97,2.34,0.43,1.34,0.41,0.05,1.45,1.07,1.64,1.32,1.33,0.04,0.92,0.84,0.07,1.06,1.44,0.99,2.64,1.88,0.59,1.60,0.88,1.43,1.24,1.57,0.01,0.99,0.44,0.67,1.64,0.96,1.02,1.73,0.84,0.30,2.53,0.79,0.97,1.90,1.18,0.53,1.76,1.16,0.47,2.62,
Back_Color__20160816132606.jpg,2016/8/16 18:30:48,Lens0Color,0.88,0.54,4.19,0.94,0.59,2.55,0.96,0.66,1.64,0.97,0.72,1.37,0.97,0.74,1.50,0.97,0.74,1.36,0.06,1.12,0.69,1.93,1.03,0.92,1.18,0.06,0.97,2.34,0.43,1.34,0.41,0.05,1.45,1.07,1.64,1.32,1.33,0.04,0.92,0.84,0.07,1.06,1.44,0.99,2.64,1.88,0.59,1.60,0.88,1.43,1.24,1.57,0.01,0.99,0.44,0.67,1.64,0.96,1.02,1.73,0.84,0.30,2.53,0.79,0.97,1.90,1.18,0.53,1.76,1.16,0.47,2.62,
Back_Color__20160816132750.jpg,2016/8/16 18:30:50,Lens0Color,1.16,0.46,2.65,1.18,0.52,1.78,0.79,0.97,1.81,0.83,0.30,2.48,0.96,1.02,1.74,0.45,0.67,1.67,1.57,0.01,1.21,0.88,1.43,1.09,1.88,0.59,1.59,1.44,0.99,2.48,0.84,0.07,1.03,1.33,0.04,0.94,1.06,1.63,1.33,0.41,0.05,1.35,2.36,0.44,1.36,1.18,0.06,0.89,1.94,1.02,1.09,0.06,1.11,0.76,0.97,0.74,1.26,0.97,0.75,1.43,0.97,0.72,1.30,0.96,0.66,1.52,0.94,0.59,2.53,0.90,0.53,3.69,
Back_Color__20160816132751.jpg,2016/8/16 18:30:53,Lens0Color,1.16,0.46,2.65,1.18,0.52,1.78,0.79,0.97,1.81,0.83,0.30,2.48,0.96,1.02,1.74,0.45,0.67,1.67,1.57,0.01,1.21,0.88,1.43,1.09,1.88,0.59,1.59,1.44,0.99,2.48,0.84,0.07,1.03,1.33,0.04,0.94,1.06,1.63,1.33,0.41,0.05,1.35,2.36,0.44,1.36,1.18,0.06,0.89,1.94,1.02,1.09,0.06,1.11,0.76,0.97,0.74,1.26,0.97,0.75,1.43,0.97,0.72,1.30,0.96,0.66,1.52,0.94,0.59,2.53,0.90,0.53,3.69,
Back_Color__20160816133227.jpg,2016/8/16 18:30:55,Lens0Color,1.28,0.37,2.48,1.22,0.48,1.56,0.75,1.03,1.95,0.79,0.18,2.41,0.96,1.09,2.04,0.34,0.65,1.99,1.67,0.01,1.22,0.88,1.66,1.41,2.12,0.55,2.04,1.72,1.18,1.52,0.82,0.07,1.39,1.37,0.04,1.58,1.20,2.39,1.34,0.31,0.04,1.69,2.97,0.31,1.47,1.17,0.07,1.06,2.18,1.10,1.50,0.01,1.17,0.97,0.96,0.73,1.26,0.98,0.73,2.30,0.96,0.71,1.64,0.96,0.63,2.04,0.94,0.52,3.57,0.90,0.42,3.78,
Back_Color__20160816133228.jpg,2016/8/16 18:30:57,Lens0Color,1.28,0.37,2.48,1.22,0.48,1.56,0.75,1.03,1.95,0.79,0.18,2.41,0.96,1.09,2.04,0.34,0.65,1.99,1.67,0.01,1.22,0.88,1.66,1.41,2.12,0.55,2.04,1.72,1.18,1.52,0.82,0.07,1.39,1.37,0.04,1.58,1.20,2.39,1.34,0.31,0.04,1.69,2.97,0.31,1.47,1.17,0.07,1.06,2.18,1.10,1.50,0.01,1.17,0.97,0.96,0.73,1.26,0.98,0.73,2.30,0.96,0.71,1.64,0.96,0.63,2.04,0.94,0.52,3.57,0.90,0.42,3.78,
Back_Color__20160816133413.jpg,2016/8/16 18:30:59,Lens0Color,1.28,0.37,2.48,1.22,0.48,1.65,0.75,1.03,2.20,0.78,0.18,2.42,0.97,1.08,2.12,0.34,0.65,2.01,1.67,0.01,1.19,0.87,1.65,1.59,2.11,0.55,1.97,1.71,1.15,1.42,0.81,0.07,1.44,1.36,0.04,1.51,1.21,2.37,1.44,0.31,0.05,1.54,2.97,0.32,1.57,1.17,0.06,1.03,2.16,1.09,1.52,0.00,1.17,0.95,0.96,0.72,1.24,0.97,0.73,2.38,0.96,0.71,1.52,0.95,0.63,2.06,0.94,0.52,3.53,0.90,0.42,4.29,
Back_Color__20160816133414.jpg,2016/8/16 18:31:02,Lens0Color,1.28,0.37,2.48,1.22,0.48,1.65,0.75,1.03,2.20,0.78,0.18,2.42,0.97,1.08,2.12,0.34,0.65,2.01,1.67,0.01,1.19,0.87,1.65,1.59,2.11,0.55,1.97,1.71,1.15,1.42,0.81,0.07,1.44,1.36,0.04,1.51,1.21,2.37,1.44,0.31,0.05,1.54,2.97,0.32,1.57,1.17,0.06,1.03,2.16,1.09,1.52,0.00,1.17,0.95,0.96,0.72,1.24,0.97,0.73,2.38,0.96,0.71,1.52,0.95,0.63,2.06,0.94,0.52,3.53,0.90,0.42,4.29,
Back_Color__20160816133656.jpg,2016/8/16 18:31:03,Lens0Color,1.26,0.44,2.43,1.22,0.55,1.74,0.75,1.08,1.88,0.79,0.24,2.27,0.97,1.14,1.98,0.34,0.72,2.11,1.66,0.01,1.09,0.87,1.72,1.73,2.09,0.60,1.96,1.71,1.27,1.28,0.82,0.07,1.34,1.36,0.04,1.26,1.19,2.44,1.42,0.31,0.05,1.62,2.94,0.38,1.49,1.17,0.06,0.99,2.17,1.18,1.71,0.00,1.24,0.90,0.96,0.77,1.25,0.96,0.78,2.29,0.96,0.77,1.41,0.95,0.70,2.16,0.94,0.59,3.37,0.90,0.51,3.93,
Back_Color__20160816133657.jpg,2016/8/16 18:31:06,Lens0Color,1.26,0.44,2.43,1.22,0.55,1.74,0.75,1.08,1.88,0.79,0.24,2.27,0.97,1.14,1.98,0.34,0.72,2.11,1.66,0.01,1.09,0.87,1.72,1.73,2.09,0.60,1.96,1.71,1.27,1.28,0.82,0.07,1.34,1.36,0.04,1.26,1.19,2.44,1.42,0.31,0.05,1.62,2.94,0.38,1.49,1.17,0.06,0.99,2.17,1.18,1.71,0.00,1.24,0.90,0.96,0.77,1.25,0.96,0.78,2.29,0.96,0.77,1.41,0.95,0.70,2.16,0.94,0.59,3.37,0.90,0.51,3.93,
Back_Color__20160816133843.jpg,2016/8/16 18:31:08,Lens0Color,1.25,0.44,2.63,1.21,0.56,1.72,0.75,1.09,1.73,0.79,0.25,2.08,0.95,1.14,1.89,0.34,0.72,2.03,1.66,0.01,1.18,0.87,1.72,1.47,2.09,0.60,1.64,1.72,1.29,0.96,0.82,0.07,1.24,1.35,0.04,1.33,1.20,2.45,1.45,0.31,0.05,1.61,2.94,0.38,1.24,1.17,0.06,0.85,2.16,1.19,1.47,0.00,1.25,0.98,0.96,0.77,1.24,0.96,0.78,2.35,0.96,0.77,1.51,0.95,0.69,1.81,0.94,0.59,3.21,0.90,0.50,4.31,
Back_Color__20160816133845.jpg,2016/8/16 18:31:10,Lens0Color,1.25,0.44,2.63,1.21,0.56,1.72,0.75,1.09,1.73,0.79,0.25,2.08,0.95,1.14,1.89,0.34,0.72,2.03,1.66,0.01,1.18,0.87,1.72,1.47,2.09,0.60,1.64,1.72,1.29,0.96,0.82,0.07,1.24,1.35,0.04,1.33,1.20,2.45,1.45,0.31,0.05,1.61,2.94,0.38,1.24,1.17,0.06,0.85,2.16,1.19,1.47,0.00,1.25,0.98,0.96,0.77,1.24,0.96,0.78,2.35,0.96,0.77,1.51,0.95,0.69,1.81,0.94,0.59,3.21,0.90,0.50,4.31,
Back_Color__20160816134215.jpg,2016/8/16 18:31:12,Lens0Color,1.19,0.40,2.77,1.20,0.47,1.73,0.80,0.94,2.03,0.83,0.24,2.42,0.96,0.97,1.76,0.43,0.62,1.85,1.59,0.01,1.16,0.86,1.43,0.99,1.92,0.54,1.56,1.45,0.94,2.00,0.84,0.07,1.05,1.32,0.04,1.10,1.07,1.69,1.31,0.37,0.05,1.33,2.41,0.36,1.26,1.16,0.06,0.93,1.94,0.97,0.89,0.03,1.07,0.79,0.97,0.69,1.22,0.97,0.70,1.55,0.96,0.67,1.29,0.95,0.60,1.74,0.92,0.52,2.77,0.88,0.46,3.81,
Back_Color__20160816134216.jpg,2016/8/16 18:31:15,Lens0Color,1.19,0.40,2.77,1.20,0.47,1.73,0.80,0.94,2.03,0.83,0.24,2.42,0.96,0.97,1.76,0.43,0.62,1.85,1.59,0.01,1.16,0.86,1.43,0.99,1.92,0.54,1.56,1.45,0.94,2.00,0.84,0.07,1.05,1.32,0.04,1.10,1.07,1.69,1.31,0.37,0.05,1.33,2.41,0.36,1.26,1.16,0.06,0.93,1.94,0.97,0.89,0.03,1.07,0.79,0.97,0.69,1.22,0.97,0.70,1.55,0.96,0.67,1.29,0.95,0.60,1.74,0.92,0.52,2.77,0.88,0.46,3.81,
Back_Color__20160816134402.jpg,2016/8/16 18:31:17,Lens0Color,1.20,0.39,2.61,1.21,0.46,1.52,0.80,0.93,2.05,0.83,0.23,2.49,0.96,0.97,1.90,0.43,0.61,1.80,1.59,0.01,0.87,0.85,1.42,1.08,1.95,0.54,1.56,1.46,0.94,1.89,0.84,0.06,1.04,1.33,0.04,1.39,1.06,1.68,1.36,0.36,0.05,1.35,2.44,0.34,1.31,1.16,0.06,0.88,1.97,0.98,1.03,0.03,1.07,0.84,0.97,0.68,1.10,0.97,0.69,1.46,0.96,0.67,1.39,0.95,0.59,1.69,0.93,0.52,2.38,0.88,0.45,3.59,
Back_Color__20160816134403.jpg,2016/8/16 18:31:19,Lens0Color,1.20,0.39,2.61,1.21,0.46,1.52,0.80,0.93,2.05,0.83,0.23,2.49,0.96,0.97,1.90,0.43,0.61,1.80,1.59,0.01,0.87,0.85,1.42,1.08,1.95,0.54,1.56,1.46,0.94,1.89,0.84,0.06,1.04,1.33,0.04,1.39,1.06,1.68,1.36,0.36,0.05,1.35,2.44,0.34,1.31,1.16,0.06,0.88,1.97,0.98,1.03,0.03,1.07,0.84,0.97,0.68,1.10,0.97,0.69,1.46,0.96,0.67,1.39,0.95,0.59,1.69,0.93,0.52,2.38,0.88,0.45,3.59,
Back_Color__20160816134707.jpg,2016/8/16 18:31:21,Lens0Color,0.87,0.51,4.01,0.94,0.58,2.70,0.96,0.65,1.70,0.97,0.72,1.50,0.96,0.73,1.48,0.97,0.72,1.47,0.08,1.08,0.70,1.92,0.99,0.83,1.17,0.06,1.07,2.31,0.42,1.54,0.40,0.05,1.38,1.05,1.62,1.34,1.33,0.04,1.29,0.85,0.07,1.02,1.39,0.94,3.01,1.84,0.57,1.76,0.86,1.41,1.11,1.57,0.01,1.09,0.46,0.64,1.60,0.96,0.97,1.70,0.84,0.31,2.88,0.80,0.94,1.98,1.18,0.52,1.63,1.15,0.46,2.64,
Back_Color__20160816134901.jpg,2016/8/16 18:31:23,Lens0Color,1.25,0.38,2.50,1.22,0.49,1.59,0.75,1.03,1.83,0.79,0.18,2.23,0.97,1.09,2.00,0.32,0.66,1.98,1.67,0.01,1.23,0.87,1.65,1.60,2.13,0.55,1.89,1.73,1.19,1.35,0.83,0.07,1.33,1.38,0.04,1.57,1.20,2.38,1.36,0.32,0.04,1.51,3.01,0.31,1.41,1.18,0.06,1.03,2.19,1.12,1.65,0.00,1.19,0.90,0.96,0.74,1.27,0.96,0.74,2.33,0.95,0.73,1.54,0.94,0.63,2.07,0.92,0.54,2.48,0.88,0.43,3.93,
Back_Color__20160816134903.jpg,2016/8/16 18:31:25,Lens0Color,1.25,0.38,2.50,1.22,0.49,1.59,0.75,1.03,1.83,0.79,0.18,2.23,0.97,1.09,2.00,0.32,0.66,1.98,1.67,0.01,1.23,0.87,1.65,1.60,2.13,0.55,1.89,1.73,1.19,1.35,0.83,0.07,1.33,1.38,0.04,1.57,1.20,2.38,1.36,0.32,0.04,1.51,3.01,0.31,1.41,1.18,0.06,1.03,2.19,1.12,1.65,0.00,1.19,0.90,0.96,0.74,1.27,0.96,0.74,2.33,0.95,0.73,1.54,0.94,0.63,2.07,0.92,0.54,2.48,0.88,0.43,3.93,
Back_Color__20160816135159.jpg,2016/8/16 18:31:28,Lens0Color,1.25,0.43,2.60,1.21,0.53,1.60,0.75,1.08,1.81,0.79,0.24,2.27,0.95,1.12,1.85,0.33,0.69,2.02,1.66,0.01,1.08,0.86,1.70,1.54,2.10,0.59,2.01,1.72,1.27,1.48,0.82,0.07,1.33,1.37,0.04,1.59,1.19,2.46,1.43,0.31,0.04,1.47,2.94,0.36,1.47,1.17,0.06,1.07,2.17,1.19,1.56,0.00,1.23,0.97,0.96,0.77,1.30,0.95,0.77,2.36,0.94,0.76,1.51,0.93,0.69,2.33,0.91,0.58,3.36,0.88,0.50,3.90,
Back_Color__20160816135201.jpg,2016/8/16 18:31:30,Lens0Color,1.25,0.43,2.60,1.21,0.53,1.60,0.75,1.08,1.81,0.79,0.24,2.27,0.95,1.12,1.85,0.33,0.69,2.02,1.66,0.01,1.08,0.86,1.70,1.54,2.10,0.59,2.01,1.72,1.27,1.48,0.82,0.07,1.33,1.37,0.04,1.59,1.19,2.46,1.43,0.31,0.04,1.47,2.94,0.36,1.47,1.17,0.06,1.07,2.17,1.19,1.56,0.00,1.23,0.97,0.96,0.77,1.30,0.95,0.77,2.36,0.94,0.76,1.51,0.93,0.69,2.33,0.91,0.58,3.36,0.88,0.50,3.90,
Back_Color__20160816135347.jpg,2016/8/16 18:31:32,Lens0Color,1.25,0.43,2.54,1.21,0.53,1.60,0.75,1.07,1.96,0.79,0.24,2.34,0.95,1.12,1.86,0.33,0.70,1.95,1.65,0.01,1.13,0.85,1.70,1.58,2.09,0.59,2.05,1.71,1.26,1.51,0.82,0.07,1.45,1.37,0.04,1.59,1.19,2.44,1.30,0.31,0.04,1.49,2.93,0.36,1.67,1.17,0.06,0.99,2.17,1.18,1.51,0.00,1.24,0.89,0.96,0.77,1.21,0.95,0.77,2.41,0.95,0.76,1.50,0.93,0.69,2.11,0.91,0.58,3.60,0.88,0.49,3.20,
Back_Color__20160816135348.jpg,2016/8/16 18:31:34,Lens0Color,1.25,0.43,2.54,1.21,0.53,1.60,0.75,1.07,1.96,0.79,0.24,2.34,0.95,1.12,1.86,0.33,0.70,1.95,1.65,0.01,1.13,0.85,1.70,1.58,2.09,0.59,2.05,1.71,1.26,1.51,0.82,0.07,1.45,1.37,0.04,1.59,1.19,2.44,1.30,0.31,0.04,1.49,2.93,0.36,1.67,1.17,0.06,0.99,2.17,1.18,1.51,0.00,1.24,0.89,0.96,0.77,1.21,0.95,0.77,2.41,0.95,0.76,1.50,0.93,0.69,2.11,0.91,0.58,3.60,0.88,0.49,3.20,
Back_Color__20160816135545.jpg,2016/8/16 18:31:36,Lens0Color,1.25,0.43,2.52,1.21,0.53,1.47,0.74,1.07,1.67,0.78,0.24,2.20,0.95,1.13,1.92,0.33,0.70,2.00,1.66,0.01,1.25,0.87,1.70,1.48,2.10,0.59,1.85,1.73,1.26,1.29,0.82,0.07,1.31,1.37,0.04,1.54,1.19,2.44,1.43,0.31,0.04,1.58,2.95,0.36,1.42,1.17,0.06,0.98,2.17,1.17,1.60,0.00,1.24,0.95,0.96,0.77,1.18,0.95,0.77,2.40,0.95,0.76,1.53,0.93,0.69,2.32,0.91,0.58,3.25,0.88,0.49,3.73,
Back_Color__20160816135546.jpg,2016/8/16 18:31:38,Lens0Color,1.25,0.43,2.52,1.21,0.53,1.47,0.74,1.07,1.67,0.78,0.24,2.20,0.95,1.13,1.92,0.33,0.70,2.00,1.66,0.01,1.25,0.87,1.70,1.48,2.10,0.59,1.85,1.73,1.26,1.29,0.82,0.07,1.31,1.37,0.04,1.54,1.19,2.44,1.43,0.31,0.04,1.58,2.95,0.36,1.42,1.17,0.06,0.98,2.17,1.17,1.60,0.00,1.24,0.95,0.96,0.77,1.18,0.95,0.77,2.40,0.95,0.76,1.53,0.93,0.69,2.32,0.91,0.58,3.25,0.88,0.49,3.73,
Back_Color__20160816140124.jpg,2016/8/16 18:31:41,Lens0Color,1.24,0.36,2.45,1.21,0.46,1.66,0.75,1.02,1.94,0.81,0.18,2.40,0.96,1.05,1.85,0.33,0.64,1.76,1.65,0.01,1.11,0.87,1.62,1.68,2.11,0.52,2.12,1.74,1.15,1.53,0.82,0.07,1.45,1.37,0.04,1.49,1.18,2.38,1.42,0.30,0.04,1.51,2.96,0.29,1.56,1.16,0.06,1.02,2.19,1.13,1.68,0.00,1.18,0.89,0.95,0.74,1.13,0.95,0.72,2.17,0.94,0.70,1.44,0.93,0.63,2.05,0.91,0.53,3.60,0.88,0.43,4.35,
Back_Color__20160816140125.jpg,2016/8/16 18:31:43,Lens0Color,1.24,0.36,2.45,1.21,0.46,1.66,0.75,1.02,1.94,0.81,0.18,2.40,0.96,1.05,1.85,0.33,0.64,1.76,1.65,0.01,1.11,0.87,1.62,1.68,2.11,0.52,2.12,1.74,1.15,1.53,0.82,0.07,1.45,1.37,0.04,1.49,1.18,2.38,1.42,0.30,0.04,1.51,2.96,0.29,1.56,1.16,0.06,1.02,2.19,1.13,1.68,0.00,1.18,0.89,0.95,0.74,1.13,0.95,0.72,2.17,0.94,0.70,1.44,0.93,0.63,2.05,0.91,0.53,3.60,0.88,0.43,4.35,
Back_Color__20160816140354.jpg,2016/8/16 18:31:45,Lens0Color,1.24,0.36,2.56,1.21,0.47,1.78,0.75,1.02,1.79,0.81,0.18,2.37,0.96,1.06,1.98,0.33,0.64,1.86,1.65,0.01,1.16,0.87,1.62,1.72,2.11,0.52,1.90,1.73,1.15,1.46,0.82,0.07,1.46,1.37,0.04,1.60,1.19,2.37,1.37,0.31,0.04,1.62,2.93,0.28,1.55,1.17,0.06,1.06,2.20,1.13,1.69,0.00,1.19,0.93,0.95,0.73,1.19,0.95,0.73,2.28,0.94,0.71,1.56,0.93,0.63,2.11,0.91,0.53,3.05,0.88,0.44,3.64,
Back_Color__20160816140355.jpg,2016/8/16 18:31:47,Lens0Color,1.24,0.36,2.56,1.21,0.47,1.78,0.75,1.02,1.79,0.81,0.18,2.37,0.96,1.06,1.98,0.33,0.64,1.86,1.65,0.01,1.16,0.87,1.62,1.72,2.11,0.52,1.90,1.73,1.15,1.46,0.82,0.07,1.46,1.37,0.04,1.60,1.19,2.37,1.37,0.31,0.04,1.62,2.93,0.28,1.55,1.17,0.06,1.06,2.20,1.13,1.69,0.00,1.19,0.93,0.95,0.73,1.19,0.95,0.73,2.28,0.94,0.71,1.56,0.93,0.63,2.11,0.91,0.53,3.05,0.88,0.44,3.64,
Back_Color__20160816140546.jpg,2016/8/16 18:31:49,Lens0Color,1.24,0.37,2.46,1.21,0.47,1.74,0.75,1.02,1.86,0.80,0.18,2.30,0.96,1.06,1.95,0.33,0.64,1.91,1.65,0.01,1.08,0.86,1.61,1.57,2.10,0.52,1.98,1.74,1.15,1.48,0.82,0.07,1.40,1.37,0.04,1.49,1.19,2.35,1.40,0.30,0.04,1.59,2.94,0.28,1.56,1.17,0.06,1.05,2.19,1.12,1.56,0.00,1.19,0.91,0.95,0.74,1.18,0.95,0.72,2.21,0.94,0.70,1.43,0.93,0.63,2.19,0.90,0.53,3.12,0.88,0.44,4.50,
Back_Color__20160816140547.jpg,2016/8/16 18:31:52,Lens0Color,1.24,0.37,2.46,1.21,0.47,1.74,0.75,1.02,1.86,0.80,0.18,2.30,0.96,1.06,1.95,0.33,0.64,1.91,1.65,0.01,1.08,0.86,1.61,1.57,2.10,0.52,1.98,1.74,1.15,1.48,0.82,0.07,1.40,1.37,0.04,1.49,1.19,2.35,1.40,0.30,0.04,1.59,2.94,0.28,1.56,1.17,0.06,1.05,2.19,1.12,1.56,0.00,1.19,0.91,0.95,0.74,1.18,0.95,0.72,2.21,0.94,0.70,1.43,0.93,0.63,2.19,0.90,0.53,3.12,0.88,0.44,4.50,
Back_Color__20160816140739.jpg,2016/8/16 18:31:54,Lens0Color,1.25,0.37,2.56,1.21,0.47,1.73,0.75,1.02,1.87,0.81,0.18,2.19,0.96,1.06,1.98,0.33,0.64,1.90,1.65,0.01,1.12,0.86,1.61,1.64,2.10,0.52,2.08,1.74,1.15,1.50,0.82,0.07,1.44,1.37,0.04,1.55,1.19,2.38,1.37,0.31,0.04,1.55,2.93,0.28,1.59,1.17,0.06,1.08,2.19,1.13,1.75,0.00,1.19,0.88,0.95,0.73,1.17,0.95,0.72,2.23,0.95,0.70,1.46,0.93,0.63,2.16,0.91,0.52,2.83,0.88,0.44,4.34,
Back_Color__20160816140740.jpg,2016/8/16 18:31:56,Lens0Color,1.25,0.37,2.56,1.21,0.47,1.73,0.75,1.02,1.87,0.81,0.18,2.19,0.96,1.06,1.98,0.33,0.64,1.90,1.65,0.01,1.12,0.86,1.61,1.64,2.10,0.52,2.08,1.74,1.15,1.50,0.82,0.07,1.44,1.37,0.04,1.55,1.19,2.38,1.37,0.31,0.04,1.55,2.93,0.28,1.59,1.17,0.06,1.08,2.19,1.13,1.75,0.00,1.19,0.88,0.95,0.73,1.17,0.95,0.72,2.23,0.95,0.70,1.46,0.93,0.63,2.16,0.91,0.52,2.83,0.88,0.44,4.34,
Back_Color__20160816160731.jpg,2016/8/16 18:31:58,Lens0Color,1.19,0.41,2.56,1.20,0.48,1.49,0.78,0.96,1.94,0.82,0.25,2.46,0.96,1.00,1.85,0.42,0.64,1.85,1.60,0.01,0.95,0.85,1.44,0.97,1.95,0.54,1.57,1.49,0.97,1.85,0.84,0.07,1.19,1.34,0.04,1.47,1.06,1.78,1.11,0.36,0.05,1.46,2.51,0.36,1.23,1.17,0.06,0.95,2.01,1.01,1.01,0.01,1.11,0.77,0.96,0.71,1.24,0.97,0.72,1.17,0.96,0.69,1.31,0.95,0.63,1.63,0.93,0.55,2.15,0.85,0.47,2.63,
Back_Color__20160816160732.jpg,2016/8/16 18:32:00,Lens0Color,1.19,0.41,2.56,1.20,0.48,1.49,0.78,0.96,1.94,0.82,0.25,2.46,0.96,1.00,1.85,0.42,0.64,1.85,1.60,0.01,0.95,0.85,1.44,0.97,1.95,0.54,1.57,1.49,0.97,1.85,0.84,0.07,1.19,1.34,0.04,1.47,1.06,1.78,1.11,0.36,0.05,1.46,2.51,0.36,1.23,1.17,0.06,0.95,2.01,1.01,1.01,0.01,1.11,0.77,0.96,0.71,1.24,0.97,0.72,1.17,0.96,0.69,1.31,0.95,0.63,1.63,0.93,0.55,2.15,0.85,0.47,2.63,
Back_Color__20160816160925.jpg,2016/8/16 18:32:02,Lens0Color,1.19,0.41,2.44,1.20,0.48,1.48,0.78,0.96,1.96,0.82,0.26,2.49,0.96,1.00,1.70,0.42,0.64,1.71,1.60,0.01,0.90,0.85,1.44,1.00,1.95,0.54,1.56,1.49,0.97,1.98,0.84,0.07,1.16,1.34,0.04,1.46,1.06,1.77,1.11,0.36,0.05,1.42,2.50,0.35,1.16,1.17,0.06,0.90,2.01,1.01,0.99,0.01,1.10,0.75,0.96,0.71,1.28,0.96,0.72,1.20,0.96,0.69,1.31,0.95,0.63,1.49,0.93,0.54,2.20,0.86,0.47,2.76,
Back_Color__20160816160926.jpg,2016/8/16 18:32:05,Lens0Color,1.19,0.41,2.44,1.20,0.48,1.48,0.78,0.96,1.96,0.82,0.26,2.49,0.96,1.00,1.70,0.42,0.64,1.71,1.60,0.01,0.90,0.85,1.44,1.00,1.95,0.54,1.56,1.49,0.97,1.98,0.84,0.07,1.16,1.34,0.04,1.46,1.06,1.77,1.11,0.36,0.05,1.42,2.50,0.35,1.16,1.17,0.06,0.90,2.01,1.01,0.99,0.01,1.10,0.75,0.96,0.71,1.28,0.96,0.72,1.20,0.96,0.69,1.31,0.95,0.63,1.49,0.93,0.54,2.20,0.86,0.47,2.76,
Back_Color__20160816161221.jpg,2016/8/16 18:32:07,Lens0Color,1.26,0.43,2.41,1.22,0.55,1.56,0.75,1.08,1.82,0.79,0.23,2.25,0.96,1.14,2.02,0.32,0.70,1.85,1.67,0.01,1.27,0.88,1.74,1.50,2.14,0.60,1.93,1.76,1.31,1.52,0.82,0.07,1.40,1.37,0.04,1.50,1.22,2.56,1.31,0.31,0.04,1.52,2.99,0.37,1.47,1.17,0.06,1.09,2.19,1.19,1.43,0.00,1.24,0.95,0.95,0.77,1.17,0.95,0.78,1.22,0.95,0.77,1.48,0.94,0.69,1.84,0.91,0.58,1.98,0.87,0.50,2.52,
Back_Color__20160816161222.jpg,2016/8/16 18:32:09,Lens0Color,1.26,0.43,2.41,1.22,0.55,1.56,0.75,1.08,1.82,0.79,0.23,2.25,0.96,1.14,2.02,0.32,0.70,1.85,1.67,0.01,1.27,0.88,1.74,1.50,2.14,0.60,1.93,1.76,1.31,1.52,0.82,0.07,1.40,1.37,0.04,1.50,1.22,2.56,1.31,0.31,0.04,1.52,2.99,0.37,1.47,1.17,0.06,1.09,2.19,1.19,1.43,0.00,1.24,0.95,0.95,0.77,1.17,0.95,0.78,1.22,0.95,0.77,1.48,0.94,0.69,1.84,0.91,0.58,1.98,0.87,0.50,2.52,
Back_Color__20160816161403.jpg,2016/8/16 18:32:11,Lens0Color,1.26,0.43,2.49,1.22,0.55,1.68,0.75,1.08,1.84,0.80,0.23,2.27,0.96,1.14,1.92,0.32,0.70,1.88,1.67,0.01,1.24,0.89,1.74,1.49,2.13,0.60,1.93,1.77,1.31,1.43,0.82,0.07,1.43,1.37,0.04,1.48,1.21,2.53,1.26,0.31,0.04,1.53,3.00,0.37,1.42,1.17,0.06,1.07,2.19,1.19,1.49,0.00,1.24,0.84,0.95,0.77,1.21,0.95,0.78,1.19,0.95,0.77,1.43,0.94,0.69,1.86,0.91,0.59,1.91,0.85,0.49,2.37,
Back_Color__20160816161404.jpg,2016/8/16 18:32:14,Lens0Color,1.26,0.43,2.49,1.22,0.55,1.68,0.75,1.08,1.84,0.80,0.23,2.27,0.96,1.14,1.92,0.32,0.70,1.88,1.67,0.01,1.24,0.89,1.74,1.49,2.13,0.60,1.93,1.77,1.31,1.43,0.82,0.07,1.43,1.37,0.04,1.48,1.21,2.53,1.26,0.31,0.04,1.53,3.00,0.37,1.42,1.17,0.06,1.07,2.19,1.19,1.49,0.00,1.24,0.84,0.95,0.77,1.21,0.95,0.78,1.19,0.95,0.77,1.43,0.94,0.69,1.86,0.91,0.59,1.91,0.85,0.49,2.37,
Back_Color__20160816161724.jpg,2016/8/16 18:32:16,Lens0Color,1.17,0.48,2.74,1.19,0.54,1.71,0.78,1.00,1.84,0.81,0.31,2.58,0.95,1.06,1.67,0.40,0.68,1.67,1.60,0.01,1.04,0.88,1.50,0.96,1.94,0.61,1.51,1.48,1.07,2.03,0.83,0.07,1.04,1.33,0.04,1.04,1.05,1.85,1.22,0.36,0.05,1.26,2.45,0.45,1.21,1.17,0.06,0.83,1.97,1.07,0.84,0.01,1.16,0.80,0.96,0.74,1.18,0.96,0.76,1.24,0.95,0.73,1.28,0.94,0.68,1.58,0.92,0.60,2.16,0.85,0.54,2.70,
Back_Color__20160816161725.jpg,2016/8/16 18:32:18,Lens0Color,1.17,0.48,2.74,1.19,0.54,1.71,0.78,1.00,1.84,0.81,0.31,2.58,0.95,1.06,1.67,0.40,0.68,1.67,1.60,0.01,1.04,0.88,1.50,0.96,1.94,0.61,1.51,1.48,1.07,2.03,0.83,0.07,1.04,1.33,0.04,1.04,1.05,1.85,1.22,0.36,0.05,1.26,2.45,0.45,1.21,1.17,0.06,0.83,1.97,1.07,0.84,0.01,1.16,0.80,0.96,0.74,1.18,0.96,0.76,1.24,0.95,0.73,1.28,0.94,0.68,1.58,0.92,0.60,2.16,0.85,0.54,2.70,
Back_Color__20160816161912.jpg,2016/8/16 18:32:20,Lens0Color,1.17,0.47,2.64,1.19,0.53,1.74,0.78,1.01,1.86,0.81,0.31,2.58,0.95,1.05,1.76,0.40,0.68,1.78,1.60,0.01,1.05,0.88,1.50,0.98,1.94,0.60,1.51,1.47,1.07,2.12,0.84,0.07,1.08,1.33,0.04,1.16,1.05,1.83,1.17,0.37,0.05,1.35,2.44,0.44,1.10,1.17,0.06,0.85,1.97,1.06,0.80,0.01,1.15,0.80,0.96,0.73,1.20,0.96,0.76,1.19,0.96,0.73,1.24,0.95,0.68,1.58,0.92,0.60,2.19,0.85,0.55,2.87,
Back_Color__20160816161913.jpg,2016/8/16 18:32:22,Lens0Color,1.17,0.47,2.64,1.19,0.53,1.74,0.78,1.01,1.86,0.81,0.31,2.58,0.95,1.05,1.76,0.40,0.68,1.78,1.60,0.01,1.05,0.88,1.50,0.98,1.94,0.60,1.51,1.47,1.07,2.12,0.84,0.07,1.08,1.33,0.04,1.16,1.05,1.83,1.17,0.37,0.05,1.35,2.44,0.44,1.10,1.17,0.06,0.85,1.97,1.06,0.80,0.01,1.15,0.80,0.96,0.73,1.20,0.96,0.76,1.19,0.96,0.73,1.24,0.95,0.68,1.58,0.92,0.60,2.19,0.85,0.55,2.87,
Back_Color__20160816162153.jpg,2016/8/16 18:32:24,Lens0Color,0.84,0.50,3.31,0.91,0.56,2.57,0.94,0.64,1.62,0.95,0.70,1.51,0.96,0.72,1.36,0.96,0.72,1.24,0.05,1.08,0.69,1.92,1.00,0.87,1.16,0.06,1.11,2.33,0.44,1.44,0.37,0.05,1.40,1.03,1.69,1.47,1.31,0.05,1.03,0.83,0.07,1.10,1.43,0.96,2.51,1.88,0.58,1.57,0.86,1.44,0.92,1.57,0.01,1.10,0.42,0.65,1.62,0.95,1.00,1.70,0.83,0.28,2.56,0.79,0.96,2.12,1.19,0.50,1.71,1.16,0.45,2.64,
Back_Color__20160816162154.jpg,2016/8/16 18:32:27,Lens0Color,0.84,0.50,3.31,0.91,0.56,2.57,0.94,0.64,1.62,0.95,0.70,1.51,0.96,0.72,1.36,0.96,0.72,1.24,0.05,1.08,0.69,1.92,1.00,0.87,1.16,0.06,1.11,2.33,0.44,1.44,0.37,0.05,1.40,1.03,1.69,1.47,1.31,0.05,1.03,0.83,0.07,1.10,1.43,0.96,2.51,1.88,0.58,1.57,0.86,1.44,0.92,1.57,0.01,1.10,0.42,0.65,1.62,0.95,1.00,1.70,0.83,0.28,2.56,0.79,0.96,2.12,1.19,0.50,1.71,1.16,0.45,2.64,
Back_Color__20160816162339.jpg,2016/8/16 18:32:29,Lens0Color,0.85,0.50,2.98,0.91,0.57,2.57,0.94,0.64,1.71,0.96,0.70,1.53,0.96,0.72,1.30,0.96,0.72,1.09,0.04,1.08,0.76,1.92,1.00,1.01,1.16,0.06,1.05,2.33,0.42,1.50,0.37,0.05,1.35,1.03,1.68,1.42,1.32,0.04,0.92,0.84,0.07,1.01,1.43,0.96,2.53,1.87,0.58,1.67,0.86,1.44,0.92,1.57,0.01,1.18,0.42,0.65,1.74,0.95,1.00,1.70,0.83,0.28,2.60,0.79,0.96,2.03,1.19,0.51,1.66,1.16,0.44,2.71,
Back_Color__20160816162341.jpg,2016/8/16 18:32:31,Lens0Color,0.85,0.50,2.98,0.91,0.57,2.57,0.94,0.64,1.71,0.96,0.70,1.53,0.96,0.72,1.30,0.96,0.72,1.09,0.04,1.08,0.76,1.92,1.00,1.01,1.16,0.06,1.05,2.33,0.42,1.50,0.37,0.05,1.35,1.03,1.68,1.42,1.32,0.04,0.92,0.84,0.07,1.01,1.43,0.96,2.53,1.87,0.58,1.67,0.86,1.44,0.92,1.57,0.01,1.18,0.42,0.65,1.74,0.95,1.00,1.70,0.83,0.28,2.60,0.79,0.96,2.03,1.19,0.51,1.66,1.16,0.44,2.71,
Back_Color__20160816162627.jpg,2016/8/16 18:32:33,Lens0Color,1.26,0.42,2.43,1.23,0.52,1.55,0.75,1.08,1.78,0.79,0.21,2.16,0.96,1.13,1.77,0.33,0.69,1.69,1.66,0.01,1.13,0.86,1.71,1.38,2.12,0.58,2.10,1.74,1.26,1.29,0.82,0.06,1.34,1.37,0.04,1.50,1.19,2.51,1.23,0.29,0.04,1.54,2.96,0.34,1.57,1.17,0.06,1.02,2.20,1.17,1.46,0.00,1.22,1.02,0.95,0.76,1.13,0.96,0.77,1.31,0.95,0.76,1.46,0.94,0.67,2.01,0.92,0.56,1.97,0.87,0.46,2.38,
Back_Color__20160816162628.jpg,2016/8/16 18:32:35,Lens0Color,1.26,0.42,2.43,1.23,0.52,1.55,0.75,1.08,1.78,0.79,0.21,2.16,0.96,1.13,1.77,0.33,0.69,1.69,1.66,0.01,1.13,0.86,1.71,1.38,2.12,0.58,2.10,1.74,1.26,1.29,0.82,0.06,1.34,1.37,0.04,1.50,1.19,2.51,1.23,0.29,0.04,1.54,2.96,0.34,1.57,1.17,0.06,1.02,2.20,1.17,1.46,0.00,1.22,1.02,0.95,0.76,1.13,0.96,0.77,1.31,0.95,0.76,1.46,0.94,0.67,2.01,0.92,0.56,1.97,0.87,0.46,2.38,
Back_Color__20160816162813.jpg,2016/8/16 18:32:37,Lens0Color,1.26,0.40,2.43,1.23,0.52,1.57,0.75,1.07,1.73,0.79,0.21,2.16,0.96,1.13,1.84,0.33,0.69,1.71,1.67,0.01,1.15,0.86,1.71,1.50,2.11,0.57,2.07,1.74,1.25,1.26,0.81,0.07,1.33,1.37,0.04,1.61,1.18,2.50,1.28,0.29,0.04,1.52,2.96,0.33,1.62,1.17,0.06,1.07,2.20,1.15,1.52,0.00,1.21,1.04,0.96,0.76,1.13,0.96,0.77,1.28,0.95,0.76,1.54,0.94,0.67,2.12,0.92,0.56,1.94,0.88,0.46,2.32,
Back_Color__20160816162814.jpg,2016/8/16 18:32:40,Lens0Color,1.26,0.40,2.43,1.23,0.52,1.57,0.75,1.07,1.73,0.79,0.21,2.16,0.96,1.13,1.84,0.33,0.69,1.71,1.67,0.01,1.15,0.86,1.71,1.50,2.11,0.57,2.07,1.74,1.25,1.26,0.81,0.07,1.33,1.37,0.04,1.61,1.18,2.50,1.28,0.29,0.04,1.52,2.96,0.33,1.62,1.17,0.06,1.07,2.20,1.15,1.52,0.00,1.21,1.04,0.96,0.76,1.13,0.96,0.77,1.28,0.95,0.76,1.54,0.94,0.67,2.12,0.92,0.56,1.94,0.88,0.46,2.32,
Back_Color__20160816163044.jpg,2016/8/16 18:32:42,Lens0Color,1.16,0.43,2.57,1.19,0.49,1.65,0.78,0.94,1.84,0.82,0.27,2.55,0.95,0.99,1.64,0.41,0.63,1.78,1.60,0.01,1.12,0.86,1.41,1.13,1.91,0.54,1.65,1.46,0.96,1.85,0.84,0.07,1.10,1.33,0.04,1.18,1.04,1.69,1.15,0.38,0.05,1.33,2.41,0.39,1.19,1.17,0.06,1.03,1.95,0.99,0.86,0.01,1.07,0.72,0.96,0.71,1.32,0.96,0.72,1.17,0.96,0.71,1.35,0.95,0.64,1.63,0.92,0.55,2.22,0.84,0.48,2.85,
Back_Color__20160816163045.jpg,2016/8/16 18:32:44,Lens0Color,1.16,0.43,2.57,1.19,0.49,1.65,0.78,0.94,1.84,0.82,0.27,2.55,0.95,0.99,1.64,0.41,0.63,1.78,1.60,0.01,1.12,0.86,1.41,1.13,1.91,0.54,1.65,1.46,0.96,1.85,0.84,0.07,1.10,1.33,0.04,1.18,1.04,1.69,1.15,0.38,0.05,1.33,2.41,0.39,1.19,1.17,0.06,1.03,1.95,0.99,0.86,0.01,1.07,0.72,0.96,0.71,1.32,0.96,0.72,1.17,0.96,0.71,1.35,0.95,0.64,1.63,0.92,0.55,2.22,0.84,0.48,2.85,
Back_Color__20160816163231.jpg,2016/8/16 18:32:46,Lens0Color,1.16,0.43,2.65,1.20,0.48,1.62,0.78,0.94,1.81,0.83,0.27,2.62,0.95,0.98,1.79,0.40,0.63,1.75,1.59,0.01,0.98,0.85,1.40,1.00,1.92,0.55,1.59,1.46,0.95,1.74,0.84,0.07,1.08,1.34,0.04,1.28,1.03,1.68,1.08,0.37,0.05,1.39,2.43,0.38,1.26,1.17,0.06,1.08,1.95,0.98,0.94,0.02,1.08,0.80,0.96,0.70,1.19,0.96,0.72,1.27,0.96,0.69,1.28,0.95,0.63,1.67,0.93,0.55,2.12,0.84,0.48,2.69,
Back_Color__20160816163233.jpg,2016/8/16 18:32:48,Lens0Color,1.16,0.43,2.65,1.20,0.48,1.62,0.78,0.94,1.81,0.83,0.27,2.62,0.95,0.98,1.79,0.40,0.63,1.75,1.59,0.01,0.98,0.85,1.40,1.00,1.92,0.55,1.59,1.46,0.95,1.74,0.84,0.07,1.08,1.34,0.04,1.28,1.03,1.68,1.08,0.37,0.05,1.39,2.43,0.38,1.26,1.17,0.06,1.08,1.95,0.98,0.94,0.02,1.08,0.80,0.96,0.70,1.19,0.96,0.72,1.27,0.96,0.69,1.28,0.95,0.63,1.67,0.93,0.55,2.12,0.84,0.48,2.69,
Back_Color__20160816163419.jpg,2016/8/16 18:32:51,Lens0Color,1.17,0.43,2.67,1.20,0.48,1.58,0.78,0.94,1.85,0.83,0.27,2.62,0.95,0.99,1.69,0.40,0.62,1.84,1.60,0.01,1.05,0.85,1.41,1.03,1.91,0.54,1.50,1.45,0.93,1.90,0.84,0.07,1.08,1.33,0.04,1.16,1.05,1.67,1.22,0.37,0.05,1.34,2.41,0.37,1.19,1.17,0.06,1.06,1.95,0.98,0.90,0.02,1.08,0.72,0.97,0.70,1.30,0.96,0.72,1.19,0.96,0.70,1.34,0.95,0.64,1.68,0.92,0.55,1.97,0.84,0.48,2.61,
Back_Color__20160816163420.jpg,2016/8/16 18:32:53,Lens0Color,1.17,0.43,2.67,1.20,0.48,1.58,0.78,0.94,1.85,0.83,0.27,2.62,0.95,0.99,1.69,0.40,0.62,1.84,1.60,0.01,1.05,0.85,1.41,1.03,1.91,0.54,1.50,1.45,0.93,1.90,0.84,0.07,1.08,1.33,0.04,1.16,1.05,1.67,1.22,0.37,0.05,1.34,2.41,0.37,1.19,1.17,0.06,1.06,1.95,0.98,0.90,0.02,1.08,0.72,0.97,0.70,1.30,0.96,0.72,1.19,0.96,0.70,1.34,0.95,0.64,1.68,0.92,0.55,1.97,0.84,0.48,2.61,
Back_Color__20160816163701.jpg,2016/8/16 18:32:55,Lens0Color,1.23,0.42,2.35,1.20,0.54,1.61,0.72,1.10,1.79,0.76,0.23,2.13,0.92,1.15,1.83,0.28,0.70,1.85,1.64,0.01,1.20,0.83,1.75,1.54,2.09,0.60,1.82,1.73,1.35,1.20,0.78,0.06,1.32,1.34,0.04,1.64,1.13,2.56,1.43,0.27,0.04,1.63,2.93,0.37,1.25,1.15,0.06,0.94,2.17,1.19,1.40,0.00,1.24,0.94,0.94,0.77,1.29,0.94,0.77,1.19,0.94,0.77,1.58,0.93,0.69,1.98,0.89,0.57,2.13,0.83,0.49,2.52,
Back_Color__20160816163702.jpg,2016/8/16 18:32:57,Lens0Color,1.23,0.42,2.35,1.20,0.54,1.61,0.72,1.10,1.79,0.76,0.23,2.13,0.92,1.15,1.83,0.28,0.70,1.85,1.64,0.01,1.20,0.83,1.75,1.54,2.09,0.60,1.82,1.73,1.35,1.20,0.78,0.06,1.32,1.34,0.04,1.64,1.13,2.56,1.43,0.27,0.04,1.63,2.93,0.37,1.25,1.15,0.06,0.94,2.17,1.19,1.40,0.00,1.24,0.94,0.94,0.77,1.29,0.94,0.77,1.19,0.94,0.77,1.58,0.93,0.69,1.98,0.89,0.57,2.13,0.83,0.49,2.52,
Back_Color__20160816163854.jpg,2016/8/16 18:33:00,Lens0Color,1.22,0.42,2.40,1.19,0.54,1.47,0.72,1.10,1.62,0.76,0.23,2.03,0.93,1.14,1.73,0.28,0.70,1.87,1.64,0.01,1.32,0.83,1.74,1.41,2.08,0.60,1.61,1.70,1.31,0.94,0.78,0.06,1.39,1.34,0.04,1.71,1.13,2.55,1.40,0.27,0.04,1.63,2.91,0.35,1.16,1.15,0.06,0.98,2.17,1.19,1.21,0.00,1.24,0.88,0.94,0.76,1.26,0.94,0.77,1.16,0.94,0.76,1.44,0.92,0.69,1.70,0.89,0.57,1.94,0.83,0.48,2.37,
Back_Color__20160816163855.jpg,2016/8/16 18:33:02,Lens0Color,1.22,0.42,2.40,1.19,0.54,1.47,0.72,1.10,1.62,0.76,0.23,2.03,0.93,1.14,1.73,0.28,0.70,1.87,1.64,0.01,1.32,0.83,1.74,1.41,2.08,0.60,1.61,1.70,1.31,0.94,0.78,0.06,1.39,1.34,0.04,1.71,1.13,2.55,1.40,0.27,0.04,1.63,2.91,0.35,1.16,1.15,0.06,0.98,2.17,1.19,1.21,0.00,1.24,0.88,0.94,0.76,1.26,0.94,0.77,1.16,0.94,0.76,1.44,0.92,0.69,1.70,0.89,0.57,1.94,0.83,0.48,2.37,
Back_Color__20160816164043.jpg,2016/8/16 18:33:04,Lens0Color,1.22,0.42,2.48,1.19,0.54,1.62,0.72,1.09,1.78,0.76,0.23,2.22,0.93,1.14,1.87,0.27,0.70,1.96,1.63,0.01,1.06,0.83,1.73,1.59,2.06,0.60,1.75,1.69,1.30,1.12,0.79,0.07,1.50,1.33,0.04,1.49,1.12,2.52,1.38,0.27,0.04,1.50,2.89,0.37,1.40,1.16,0.06,0.95,2.15,1.19,1.53,0.00,1.24,1.01,0.94,0.77,1.29,0.95,0.77,1.37,0.94,0.77,1.56,0.93,0.69,2.18,0.90,0.57,2.07,0.83,0.47,2.46,
Back_Color__20160816164044.jpg,2016/8/16 18:33:06,Lens0Color,1.22,0.42,2.48,1.19,0.54,1.62,0.72,1.09,1.78,0.76,0.23,2.22,0.93,1.14,1.87,0.27,0.70,1.96,1.63,0.01,1.06,0.83,1.73,1.59,2.06,0.60,1.75,1.69,1.30,1.12,0.79,0.07,1.50,1.33,0.04,1.49,1.12,2.52,1.38,0.27,0.04,1.50,2.89,0.37,1.40,1.16,0.06,0.95,2.15,1.19,1.53,0.00,1.24,1.01,0.94,0.77,1.29,0.95,0.77,1.37,0.94,0.77,1.56,0.93,0.69,2.18,0.90,0.57,2.07,0.83,0.47,2.46,
Back_Color__20160816164233.jpg,2016/8/16 18:33:08,Lens0Color,1.22,0.42,2.50,1.19,0.54,1.67,0.73,1.10,1.90,0.76,0.23,2.19,0.92,1.13,1.91,0.28,0.70,1.93,1.63,0.01,1.18,0.83,1.72,1.66,2.06,0.60,1.75,1.71,1.33,1.20,0.79,0.07,1.42,1.33,0.04,1.52,1.12,2.53,1.44,0.27,0.04,1.49,2.88,0.36,1.34,1.16,0.07,0.90,2.15,1.19,1.48,0.00,1.23,0.95,0.94,0.77,1.21,0.95,0.77,1.38,0.94,0.77,1.50,0.93,0.69,2.06,0.90,0.57,2.04,0.82,0.48,2.49,
Back_Color__20160816164234.jpg,2016/8/16 18:33:10,Lens0Color,1.22,0.42,2.50,1.19,0.54,1.67,0.73,1.10,1.90,0.76,0.23,2.19,0.92,1.13,1.91,0.28,0.70,1.93,1.63,0.01,1.18,0.83,1.72,1.66,2.06,0.60,1.75,1.71,1.33,1.20,0.79,0.07,1.42,1.33,0.04,1.52,1.12,2.53,1.44,0.27,0.04,1.49,2.88,0.36,1.34,1.16,0.07,0.90,2.15,1.19,1.48,0.00,1.23,0.95,0.94,0.77,1.21,0.95,0.77,1.38,0.94,0.77,1.50,0.93,0.69,2.06,0.90,0.57,2.04,0.82,0.48,2.49,
Back_Color__20160816164503.jpg,2016/8/16 18:33:13,Lens0Color,1.25,0.42,2.41,1.21,0.51,1.56,0.73,1.07,1.72,0.78,0.22,2.26,0.93,1.12,1.87,0.29,0.68,1.77,1.65,0.01,1.24,0.84,1.67,1.55,2.09,0.59,1.67,1.68,1.26,1.22,0.79,0.07,1.47,1.35,0.04,1.69,1.12,2.44,1.30,0.28,0.04,1.59,2.88,0.36,1.29,1.16,0.06,1.02,2.13,1.15,1.43,0.00,1.21,0.91,0.94,0.75,1.14,0.95,0.76,1.31,0.94,0.75,1.50,0.93,0.67,1.93,0.91,0.56,2.07,0.86,0.47,2.48,
Back_Color__20160816164504.jpg,2016/8/16 18:33:15,Lens0Color,1.25,0.42,2.41,1.21,0.51,1.56,0.73,1.07,1.72,0.78,0.22,2.26,0.93,1.12,1.87,0.29,0.68,1.77,1.65,0.01,1.24,0.84,1.67,1.55,2.09,0.59,1.67,1.68,1.26,1.22,0.79,0.07,1.47,1.35,0.04,1.69,1.12,2.44,1.30,0.28,0.04,1.59,2.88,0.36,1.29,1.16,0.06,1.02,2.13,1.15,1.43,0.00,1.21,0.91,0.94,0.75,1.14,0.95,0.76,1.31,0.94,0.75,1.50,0.93,0.67,1.93,0.91,0.56,2.07,0.86,0.47,2.48,
Back_Color__20160816164649.jpg,2016/8/16 18:33:17,Lens0Color,1.24,0.41,2.45,1.21,0.51,1.57,0.73,1.07,1.77,0.77,0.21,2.37,0.94,1.11,1.95,0.29,0.68,1.88,1.65,0.01,1.13,0.84,1.68,1.51,2.10,0.58,1.96,1.69,1.24,1.65,0.79,0.07,1.43,1.35,0.04,1.55,1.13,2.43,1.19,0.28,0.04,1.60,2.89,0.36,1.28,1.16,0.06,0.98,2.15,1.15,1.42,0.00,1.21,0.90,0.94,0.75,1.22,0.95,0.76,1.31,0.95,0.75,1.62,0.93,0.66,2.06,0.91,0.57,2.06,0.86,0.47,2.50,
Back_Color__20160816164650.jpg,2016/8/16 18:33:19,Lens0Color,1.24,0.41,2.45,1.21,0.51,1.57,0.73,1.07,1.77,0.77,0.21,2.37,0.94,1.11,1.95,0.29,0.68,1.88,1.65,0.01,1.13,0.84,1.68,1.51,2.10,0.58,1.96,1.69,1.24,1.65,0.79,0.07,1.43,1.35,0.04,1.55,1.13,2.43,1.19,0.28,0.04,1.60,2.89,0.36,1.28,1.16,0.06,0.98,2.15,1.15,1.42,0.00,1.21,0.90,0.94,0.75,1.22,0.95,0.76,1.31,0.95,0.75,1.62,0.93,0.66,2.06,0.91,0.57,2.06,0.86,0.47,2.50,
Back_Color__20160816164852.jpg,2016/8/16 18:33:21,Lens0Color,1.25,0.40,2.38,1.21,0.51,1.49,0.73,1.07,1.65,0.77,0.21,2.38,0.93,1.11,1.88,0.29,0.67,1.93,1.65,0.01,1.14,0.83,1.67,1.58,2.11,0.57,2.04,1.71,1.25,1.52,0.79,0.07,1.42,1.34,0.04,1.57,1.13,2.48,1.38,0.28,0.04,1.67,2.95,0.34,1.27,1.16,0.06,1.00,2.17,1.16,1.40,0.00,1.21,0.90,0.94,0.75,1.17,0.95,0.76,1.29,0.95,0.75,1.59,0.93,0.66,1.89,0.91,0.56,2.01,0.85,0.45,2.50,
Back_Color__20160816164853.jpg,2016/8/16 18:33:23,Lens0Color,1.25,0.40,2.38,1.21,0.51,1.49,0.73,1.07,1.65,0.77,0.21,2.38,0.93,1.11,1.88,0.29,0.67,1.93,1.65,0.01,1.14,0.83,1.67,1.58,2.11,0.57,2.04,1.71,1.25,1.52,0.79,0.07,1.42,1.34,0.04,1.57,1.13,2.48,1.38,0.28,0.04,1.67,2.95,0.34,1.27,1.16,0.06,1.00,2.17,1.16,1.40,0.00,1.21,0.90,0.94,0.75,1.17,0.95,0.76,1.29,0.95,0.75,1.59,0.93,0.66,1.89,0.91,0.56,2.01,0.85,0.45,2.50,
Back_Color__20160816165346.jpg,2016/8/16 18:33:26,Lens0Color,1.16,0.47,2.63,1.19,0.52,1.64,0.79,0.98,2.08,0.83,0.32,2.70,0.97,1.04,1.92,0.44,0.67,1.66,1.58,0.01,0.95,0.86,1.46,1.09,1.91,0.60,1.58,1.46,1.02,2.19,0.84,0.06,1.05,1.34,0.03,1.19,1.05,1.76,1.22,0.37,0.05,1.36,2.39,0.46,1.32,1.16,0.06,0.85,1.97,1.05,1.01,0.04,1.14,0.72,0.96,0.74,1.40,0.96,0.76,1.16,0.96,0.74,1.37,0.95,0.68,1.75,0.92,0.61,2.45,0.86,0.55,3.02,
Back_Color__20160816165347.jpg,2016/8/16 18:33:28,Lens0Color,1.16,0.47,2.63,1.19,0.52,1.64,0.79,0.98,2.08,0.83,0.32,2.70,0.97,1.04,1.92,0.44,0.67,1.66,1.58,0.01,0.95,0.86,1.46,1.09,1.91,0.60,1.58,1.46,1.02,2.19,0.84,0.06,1.05,1.34,0.03,1.19,1.05,1.76,1.22,0.37,0.05,1.36,2.39,0.46,1.32,1.16,0.06,0.85,1.97,1.05,1.01,0.04,1.14,0.72,0.96,0.74,1.40,0.96,0.76,1.16,0.96,0.74,1.37,0.95,0.68,1.75,0.92,0.61,2.45,0.86,0.55,3.02,
Back_Color__20160816165559.jpg,2016/8/16 18:33:30,Lens0Color,1.17,0.48,2.82,1.19,0.53,1.91,0.79,0.98,1.94,0.84,0.33,2.69,0.97,1.04,1.85,0.46,0.68,1.81,1.58,0.01,1.14,0.88,1.48,1.12,1.91,0.60,1.65,1.46,1.03,2.30,0.84,0.07,1.21,1.34,0.04,1.41,1.05,1.74,1.27,0.38,0.05,1.36,2.37,0.45,1.27,1.17,0.06,1.00,1.96,1.05,1.07,0.05,1.14,0.72,0.96,0.74,1.33,0.97,0.76,1.29,0.97,0.75,1.35,0.96,0.69,1.72,0.94,0.62,2.35,0.87,0.57,2.99,
Back_Color__20160816165600.jpg,2016/8/16 18:33:32,Lens0Color,1.17,0.48,2.82,1.19,0.53,1.91,0.79,0.98,1.94,0.84,0.33,2.69,0.97,1.04,1.85,0.46,0.68,1.81,1.58,0.01,1.14,0.88,1.48,1.12,1.91,0.60,1.65,1.46,1.03,2.30,0.84,0.07,1.21,1.34,0.04,1.41,1.05,1.74,1.27,0.38,0.05,1.36,2.37,0.45,1.27,1.17,0.06,1.00,1.96,1.05,1.07,0.05,1.14,0.72,0.96,0.74,1.33,0.97,0.76,1.29,0.97,0.75,1.35,0.96,0.69,1.72,0.94,0.62,2.35,0.87,0.57,2.99,
Back_Color__20160816165749.jpg,2016/8/16 18:33:34,Lens0Color,1.16,0.47,2.73,1.19,0.53,1.84,0.79,0.99,1.95,0.84,0.34,2.57,0.97,1.04,1.90,0.45,0.68,1.96,1.59,0.01,1.27,0.88,1.48,1.07,1.90,0.60,1.64,1.46,1.04,2.50,0.84,0.07,1.14,1.34,0.04,1.36,1.05,1.73,1.30,0.38,0.05,1.35,2.40,0.47,1.16,1.17,0.06,0.96,1.96,1.05,1.00,0.05,1.15,0.76,0.96,0.75,1.27,0.97,0.76,1.21,0.97,0.75,1.36,0.96,0.69,1.64,0.93,0.62,2.49,0.87,0.56,3.02,
Back_Color__20160816165750.jpg,2016/8/16 18:33:37,Lens0Color,1.16,0.47,2.73,1.19,0.53,1.84,0.79,0.99,1.95,0.84,0.34,2.57,0.97,1.04,1.90,0.45,0.68,1.96,1.59,0.01,1.27,0.88,1.48,1.07,1.90,0.60,1.64,1.46,1.04,2.50,0.84,0.07,1.14,1.34,0.04,1.36,1.05,1.73,1.30,0.38,0.05,1.35,2.40,0.47,1.16,1.17,0.06,0.96,1.96,1.05,1.00,0.05,1.15,0.76,0.96,0.75,1.27,0.97,0.76,1.21,0.97,0.75,1.36,0.96,0.69,1.64,0.93,0.62,2.49,0.87,0.56,3.02,
Back_Color__20160816170030.jpg,2016/8/16 18:33:39,Lens0Color,1.25,0.43,2.48,1.21,0.55,1.55,0.73,1.10,1.69,0.77,0.24,2.15,0.93,1.15,1.84,0.28,0.71,1.77,1.65,0.01,1.19,0.83,1.74,1.65,2.10,0.61,1.90,1.72,1.33,1.19,0.79,0.06,1.42,1.35,0.03,1.49,1.14,2.57,1.25,0.28,0.04,1.52,2.92,0.35,1.40,1.16,0.06,1.07,2.17,1.20,1.51,0.00,1.27,0.93,0.94,0.78,1.07,0.95,0.78,1.26,0.94,0.77,1.59,0.93,0.69,2.27,0.90,0.58,2.08,0.84,0.50,2.41,
Back_Color__20160816170031.jpg,2016/8/16 18:33:41,Lens0Color,1.25,0.43,2.48,1.21,0.55,1.55,0.73,1.10,1.69,0.77,0.24,2.15,0.93,1.15,1.84,0.28,0.71,1.77,1.65,0.01,1.19,0.83,1.74,1.65,2.10,0.61,1.90,1.72,1.33,1.19,0.79,0.06,1.42,1.35,0.03,1.49,1.14,2.57,1.25,0.28,0.04,1.52,2.92,0.35,1.40,1.16,0.06,1.07,2.17,1.20,1.51,0.00,1.27,0.93,0.94,0.78,1.07,0.95,0.78,1.26,0.94,0.77,1.59,0.93,0.69,2.27,0.90,0.58,2.08,0.84,0.50,2.41,
Back_Color__20160816170233.jpg,2016/8/16 18:33:43,Lens0Color,1.25,0.43,2.60,1.22,0.55,1.56,0.73,1.10,1.63,0.77,0.24,2.19,0.94,1.14,1.90,0.29,0.71,1.96,1.65,0.01,1.19,0.84,1.75,1.54,2.11,0.61,1.92,1.72,1.34,1.17,0.79,0.06,1.46,1.35,0.03,1.60,1.12,2.56,1.35,0.27,0.04,1.55,2.93,0.36,1.52,1.16,0.06,0.97,2.17,1.20,1.52,0.00,1.27,1.03,0.94,0.78,1.14,0.95,0.78,1.25,0.94,0.78,1.56,0.93,0.69,2.11,0.90,0.58,2.06,0.85,0.50,2.46,
Back_Color__20160816170235.jpg,2016/8/16 18:33:45,Lens0Color,1.25,0.43,2.60,1.22,0.55,1.56,0.73,1.10,1.63,0.77,0.24,2.19,0.94,1.14,1.90,0.29,0.71,1.96,1.65,0.01,1.19,0.84,1.75,1.54,2.11,0.61,1.92,1.72,1.34,1.17,0.79,0.06,1.46,1.35,0.03,1.60,1.12,2.56,1.35,0.27,0.04,1.55,2.93,0.36,1.52,1.16,0.06,0.97,2.17,1.20,1.52,0.00,1.27,1.03,0.94,0.78,1.14,0.95,0.78,1.25,0.94,0.78,1.56,0.93,0.69,2.11,0.90,0.58,2.06,0.85,0.50,2.46,
Back_Color__20160816170421.jpg,2016/8/16 18:33:47,Lens0Color,1.25,0.43,2.43,1.22,0.55,1.52,0.73,1.10,1.74,0.77,0.23,2.09,0.94,1.15,1.87,0.29,0.71,1.87,1.65,0.01,1.15,0.83,1.75,1.56,2.10,0.60,2.01,1.70,1.30,1.32,0.79,0.07,1.47,1.35,0.03,1.55,1.14,2.57,1.22,0.27,0.04,1.56,2.92,0.35,1.49,1.16,0.06,0.97,2.18,1.20,1.44,0.00,1.26,0.97,0.94,0.78,1.16,0.95,0.78,1.32,0.94,0.77,1.51,0.93,0.69,2.34,0.90,0.59,2.07,0.86,0.50,2.49,
Back_Color__20160816170422.jpg,2016/8/16 18:33:50,Lens0Color,1.25,0.43,2.43,1.22,0.55,1.52,0.73,1.10,1.74,0.77,0.23,2.09,0.94,1.15,1.87,0.29,0.71,1.87,1.65,0.01,1.15,0.83,1.75,1.56,2.10,0.60,2.01,1.70,1.30,1.32,0.79,0.07,1.47,1.35,0.03,1.55,1.14,2.57,1.22,0.27,0.04,1.56,2.92,0.35,1.49,1.16,0.06,0.97,2.18,1.20,1.44,0.00,1.26,0.97,0.94,0.78,1.16,0.95,0.78,1.32,0.94,0.77,1.51,0.93,0.69,2.34,0.90,0.59,2.07,0.86,0.50,2.49,
Back_Color__20160816170609.jpg,2016/8/16 18:33:52,Lens0Color,1.24,0.43,2.42,1.21,0.54,1.47,0.73,1.09,1.60,0.78,0.24,2.24,0.94,1.14,1.85,0.30,0.71,1.77,1.65,0.01,1.15,0.84,1.72,1.44,2.07,0.60,1.91,1.68,1.27,1.49,0.79,0.06,1.45,1.35,0.03,1.43,1.12,2.47,1.24,0.28,0.04,1.49,2.86,0.36,1.30,1.16,0.06,0.96,2.16,1.19,1.43,0.00,1.24,0.89,0.94,0.78,1.19,0.94,0.77,1.23,0.94,0.76,1.46,0.93,0.69,1.85,0.90,0.58,2.00,0.83,0.49,2.34,
Back_Color__20160816170610.jpg,2016/8/16 18:33:54,Lens0Color,1.24,0.43,2.42,1.21,0.54,1.47,0.73,1.09,1.60,0.78,0.24,2.24,0.94,1.14,1.85,0.30,0.71,1.77,1.65,0.01,1.15,0.84,1.72,1.44,2.07,0.60,1.91,1.68,1.27,1.49,0.79,0.06,1.45,1.35,0.03,1.43,1.12,2.47,1.24,0.28,0.04,1.49,2.86,0.36,1.30,1.16,0.06,0.96,2.16,1.19,1.43,0.00,1.24,0.89,0.94,0.78,1.19,0.94,0.77,1.23,0.94,0.76,1.46,0.93,0.69,1.85,0.90,0.58,2.00,0.83,0.49,2.34,
