Filename,Time,Cate,R/G_1,B/G_1,Stdev_1,R/G_2,B/G_2,Stdev_2,R/G_3,B/G_3,Stdev_3,R/G_4,B/G_4,Stdev_4,R/G_5,B/G_5,Stdev_5,R/G_6,B/G_6,Stdev_6,R/G_7,B/G_7,Stdev_7,R/G_8,B/G_8,Stdev_8,R/G_9,B/G_9,Stdev_9,R/G_10,B/G_10,Stdev_10,R/G_11,B/G_11,Stdev_11,R/G_12,B/G_12,Stdev_12,R/G_13,B/G_13,Stdev_13,R/G_14,B/G_14,Stdev_14,R/G_15,B/G_15,Stdev_15,R/G_16,B/G_16,Stdev_16,R/G_17,B/G_17,Stdev_17,R/G_18,B/G_18,Stdev_18,R/G_19,B/G_19,Stdev_19,R/G_20,B/G_20,Stdev_20,R/G_21,B/G_21,Stdev_21,R/G_22,B/G_22,Stdev_22,R/G_23,B/G_23,Stdev_23,R/G_24,B/G_24,Stdev_24,CV,CH,RTV,RTH,RBV,RBH,LBV,LBH,LTV,LTH,Grey-Mean-UP,Grey-Mean-Down,Grey-Mean-Left,Grey-Mean-Right,Grey-Red-UP,Grey-Red-Down,Grey-Red-Left,Grey-Red-Right,Grey-Green-UP,Grey-Green-Down,Grey-Green-Left,Grey-Green-Right,Grey-Blue-UP,Grey-Blue-Down,Grey-Blue-Left,Grey-Blue-Right,Grey-Stdev-UP,Grey-Stdev-Down,Grey-Stdev-Left,Grey-Stdev-Right,Grey-R/G-UP,Grey-R/G-Down,Grey-R/G-Left,Grey-R/G-Right,Grey-B/G-UP,Grey-B/G-Down,Grey-B/G-Left,Grey-B/G-Right
BackColor__20170610110415.jpg,2017/7/10 16:54,Lens0Color,1.5,0.28,2.03,1.29,0.48,1.83,0.67,0.94,2.24,0.53,0.14,2.06,0.95,1,1.95,0.35,0.57,2.83,1.62,0.01,1.84,0.88,1.94,2.08,2.29,0.61,2.2,1.84,1.41,2.18,0.73,0,1.8,1.21,0.01,1.52,0.72,2.41,1.93,0.14,0.12,2.4,3.37,0.39,2.65,1.05,0,0.95,2.32,1.36,2.26,0.08,0.94,2.27,0.96,0.78,1.38,0.94,0.76,1.57,0.92,0.71,1.69,0.88,0.59,2.19,0.82,0.52,2.11,0.74,0.41,1.9,0.615,0.497,0.17,0.192,0.175,0.163,0.134,0.241,0.245,0.244,122.4056,129.7975,99.14453,102.3494,115.9108,127.9853,96.62475,101.3295,133.3245,137.9122,106.7441,110.1666,82.15988,94.07453,66.67976,66.48161,7.031778,6.474059,4.85897,4.648386,0.869388597,0.928020146,0.905199913,0.919784218,0.616239926,0.682133488,0.624669279,0.603464299
BackColor__20170610110545.jpg,2017/7/10 16:54,Lens0Color,1.41,0.28,2.1,1.26,0.48,1.69,0.67,0.93,2.1,0.55,0.15,2.07,0.94,0.98,1.96,0.34,0.59,2.9,1.58,0.01,1.63,0.87,1.86,2.1,2.16,0.58,2.24,1.8,1.36,2.1,0.74,0,1.76,1.17,0.01,1.45,0.67,2.27,1.99,0.17,0.13,2.48,3.14,0.36,2.76,1.06,0,1.18,2.19,1.31,2.25,0.07,0.93,2.29,0.96,0.78,1.38,0.94,0.76,1.61,0.92,0.7,1.54,0.87,0.58,2.22,0.8,0.53,2.22,0.7,0.4,1.93,0.401,0.441,0.364,0.216,0.315,0.324,0.294,0.338,0.442,0.302,127.7825,133.398,102.8456,106.56,119.299,127.9512,96.03881,100.9295,139.8785,142.6573,112.5186,116.1132,87.51626,99.11353,69.96898,71.5809,8.18637,12.99097,9.120446,6.909973,0.852875889,0.896913092,0.853537193,0.869233644,0.625659126,0.694766619,0.621843677,0.616475129
BackColor__20170610110743.jpg,2017/7/10 16:54,Lens0Color,1.44,0.31,2.06,1.27,0.49,1.72,0.68,0.94,2.03,0.57,0.17,2.07,0.95,0.99,1.98,0.36,0.59,2.98,1.58,0.01,1.78,0.9,1.86,2.11,2.16,0.6,2.22,1.79,1.36,2.13,0.75,0,1.69,1.18,0.01,1.41,0.72,2.27,2.01,0.18,0.14,2.48,3.11,0.39,2.77,1.06,0,1.25,2.18,1.3,2.25,0.09,0.94,2.31,0.96,0.78,1.38,0.94,0.76,1.54,0.93,0.7,1.52,0.88,0.6,2.13,0.81,0.55,2.19,0.73,0.44,2,0.287,0.414,0.38,0.277,0.407,0.333,0.34,0.302,0.409,0.35,128.6251,133.551,103.5582,106.7838,121.8406,128.6252,98.18571,101.4762,139.4829,142.5735,112.3518,115.9705,89.65263,99.46437,71.73579,72.71142,7.79059,12.92944,8.971818,7.255576,0.873516395,0.902167654,0.873913102,0.875017354,0.642749972,0.697635746,0.638492574,0.626982034
BackColor__20170610111115.jpg,2017/7/10 16:54,Lens0Color,1.44,0.31,1.99,1.28,0.49,1.81,0.67,0.94,2.12,0.54,0.15,2.06,0.93,1,1.99,0.32,0.58,2.86,1.61,0.01,1.76,0.87,1.91,2.09,2.24,0.61,2.19,1.81,1.37,2.13,0.73,0,1.85,1.18,0.01,1.49,0.69,2.32,1.91,0.16,0.13,2.29,3.27,0.39,2.58,1.05,0,1.02,2.24,1.32,2.21,0.06,0.93,2.16,0.96,0.78,1.47,0.94,0.76,1.6,0.92,0.71,1.7,0.88,0.59,2.23,0.79,0.54,2.09,0.71,0.42,1.89,0.314,0.422,0.37,0.25,0.35,0.351,0.347,0.331,0.386,0.293,122.2191,127.6278,97.60554,100.7227,112.8934,121.7145,90.45114,94.13673,134.3565,136.7812,106.8541,110.3125,86.0146,95.06821,68.3244,67.43198,7.745548,13.85972,8.830976,7.039112,0.840252612,0.889848166,0.846491992,0.853364125,0.64019679,0.695038573,0.639417673,0.611281405
BackColor__20170610132706.jpg,2017/7/10 16:55,Lens0Color,1.56,0.35,2.15,1.31,0.53,1.88,0.69,1,2.32,0.57,0.17,2.14,1.01,1.08,2.15,0.38,0.61,2.92,1.67,0.03,1.93,0.94,2.07,2.17,2.34,0.7,2.3,1.92,1.54,2.18,0.75,0,1.74,1.23,0.01,1.82,0.78,2.68,1.95,0.17,0.14,2.4,3.47,0.46,2.68,1.05,0,1.14,2.44,1.49,2.36,0.1,1.02,2.44,0.98,0.81,1.54,0.97,0.8,1.71,0.95,0.74,1.71,0.92,0.64,2.27,0.87,0.6,2.23,0.78,0.47,1.89,0.688,0.699,0.243,0.242,0.275,0.231,0.176,0.215,0.262,0.266,117.0171,125.0766,94.52759,97.29041,112.813,125.233,92.93964,96.15397,125.2194,130.5022,100.7104,103.5278,85.53561,97.11266,67.83824,69.30357,8.166018,9.499395,5.284153,5.042145,0.9009227,0.959623669,0.922840541,0.928774397,0.683085928,0.744145769,0.673597166,0.669419905
BackColor__20170612152424.jpg,2017/7/10 16:55,Lens0Color,1.52,0.37,2.01,1.27,0.54,1.77,0.65,1.02,2.36,0.54,0.16,2.15,0.96,1.08,2.07,0.32,0.66,2.91,1.6,0.01,1.87,0.88,2.06,2.08,2.34,0.71,2.21,2.06,1.75,1.76,0.74,0,1.76,1.2,0.01,1.68,0.66,3.08,1.77,0.14,0.12,2.47,3.64,0.44,2.88,1.06,0,1.05,2.32,1.43,2.22,0.02,1.01,2.22,0.97,0.82,1.39,0.95,0.79,1.58,0.93,0.73,1.6,0.88,0.62,2.18,0.78,0.58,1.97,0.73,0.41,1.57,0.486,0.512,0.34,0.251,0.263,0.217,0.217,0.26,0.345,0.23,127.0503,132.791,101.5318,104.9544,118.8144,128.2039,97.19469,101.6019,136.9326,141.1224,108.558,112.0316,97.82199,101.3143,76.81326,77.91401,10.44714,12.22111,9.788226,5.917806,0.86768527,0.908458898,0.895324988,0.906903945,0.714380578,0.717917921,0.707578069,0.695464583
BackColor__20170612152748.jpg,2017/7/10 16:55,Lens0Color,1.54,0.37,2.06,1.27,0.56,1.76,0.65,1.03,2.31,0.55,0.15,2.23,0.98,1.11,2.03,0.32,0.69,2.89,1.59,0.01,1.81,0.89,2.1,2.19,2.36,0.72,2.19,2.19,1.84,1.8,0.75,0,1.83,1.2,0.01,1.42,0.67,3.38,1.84,0.14,0.12,2.57,3.71,0.42,2.94,1.07,0,0.86,2.34,1.45,2.19,0.01,1.03,2.01,0.97,0.83,1.45,0.95,0.8,1.63,0.93,0.73,1.68,0.89,0.62,2.19,0.77,0.57,2.11,0.72,0.36,1.69,0.577,0.586,0.32,0.262,0.279,0.228,0.271,0.284,0.336,0.293,129.1926,134.5971,102.4813,105.7918,120.9443,129.6889,96.92271,101.2337,138.1896,143.0373,109.4158,112.9241,104.1298,103.3527,81.38647,80.96574,11.12112,15.8065,12.934,7.544414,0.875205515,0.906678887,0.885820055,0.896475597,0.753528486,0.722557683,0.7438274,0.716992564
BackColor__20170612153431.jpg,2017/7/10 16:55,Lens0Color,1.53,0.37,2.11,1.27,0.56,1.74,0.65,1.03,2.33,0.55,0.15,2.23,0.98,1.09,2.02,0.32,0.68,2.86,1.59,0.01,1.87,0.89,2.12,2.12,2.36,0.72,2.21,2.19,1.83,1.81,0.75,0,1.82,1.19,0.01,1.63,0.64,3.35,1.88,0.13,0.12,2.62,3.72,0.42,2.96,1.07,0,0.77,2.35,1.45,2.2,0.01,1.02,2.12,0.96,0.83,1.47,0.95,0.8,1.64,0.93,0.73,1.66,0.89,0.62,2.22,0.77,0.57,2.17,0.71,0.36,1.69,0.613,0.663,0.351,0.271,0.3,0.242,0.27,0.274,0.383,0.255,128.8628,134.2373,101.9212,105.395,120.3892,128.7896,95.17935,100.2179,138.0931,142.859,109.3704,112.7967,103.3346,103.851,81.47129,80.3096,11.37759,16.08693,13.01798,7.555945,0.87179736,0.90151548,0.8702478,0.888482553,0.74829662,0.72694755,0.744911695,0.711985368
BackColor__20170612154633.jpg,2017/7/10 16:55,Lens0Color,1.65,0.29,2.3,1.28,0.53,1.74,0.62,1.02,2.52,0.52,0.11,2.24,0.99,1.1,2.16,0.31,0.67,3,1.61,0.01,2,0.86,2.19,2.28,2.42,0.69,2.36,2.29,1.94,1.87,0.74,0,1.96,1.2,0.01,1.53,0.59,3.84,1.86,0.1,0.08,2.6,4.04,0.38,2.99,1.07,0,0.64,2.47,1.52,2.34,0.01,1.03,1.82,0.97,0.83,1.45,0.95,0.8,1.64,0.93,0.73,1.65,0.89,0.61,2.28,0.78,0.55,2.24,0.66,0.23,1.66,0.58,0.568,0.374,0.316,0.338,0.236,0.328,0.292,0.377,0.271,126.0786,132.1557,97.8858,102.427,117.0792,128.029,92.3194,98.06568,136.1644,140.1413,105.1656,109.6619,98.30817,101.8368,75.27547,76.3674,12.72385,18.66937,14.70061,8.374966,0.859837079,0.913570803,0.877847889,0.894254796,0.721981443,0.726672294,0.71578035,0.696389539
BackColor_E266C760800226_20170612094733.jpg,2017/7/10 16:56,Lens0Color,1.62,0.3,2.05,1.29,0.51,1.71,0.62,1,2.11,0.51,0.12,2.02,0.97,1.06,1.91,0.29,0.62,2.91,1.63,0.01,1.84,0.81,2.05,2.03,2.46,0.69,2.1,2.09,1.75,1.53,0.72,0,1.79,1.22,0.01,1.46,0.6,3.19,1.72,0.08,0.09,2.26,3.96,0.45,2.45,1.05,0,0.95,2.36,1.42,2.05,0.01,0.96,1.68,0.96,0.8,1.33,0.94,0.78,1.56,0.91,0.71,1.54,0.86,0.6,2.05,0.77,0.55,1.84,0.72,0.37,1.5,0.466,0.496,0.094,0.13,0.1,0.137,0.126,0.175,0.18,0.185,126.3348,135.3533,98.53073,106.0865,120.1206,133.4963,94.92645,104.1999,136.3026,143.836,106.2008,114.2367,91.31725,96.61372,68.35885,70.39117,3.577385,3.723975,3.894907,3.561686,0.88127886,0.928114658,0.893839312,0.912140319,0.669959707,0.671693595,0.643675471,0.616187005
BackColor_E266C760800226_20170612095551.jpg,2017/7/10 16:56,Lens0Color,1.66,0.35,2.11,1.3,0.58,1.71,0.63,1.05,2.37,0.53,0.16,2.1,1,1.12,1.89,0.32,0.7,2.85,1.63,0.01,1.95,0.87,2.12,2.1,2.47,0.79,2.23,2.23,1.92,1.65,0.74,0,1.81,1.22,0.01,1.39,0.66,3.49,1.76,0.08,0.1,2.39,4.03,0.55,2.81,1.05,0,1,2.44,1.54,2.12,0.01,1.04,1.93,0.97,0.83,1.45,0.95,0.81,1.58,0.93,0.75,1.57,0.88,0.65,2.03,0.8,0.62,1.96,0.75,0.41,1.56,0.748,0.689,0.178,0.297,0.158,0.257,0.276,0.437,0.24,0.252,129.8349,138.3933,100.1024,109.1754,123.8834,136.2185,96.01259,107.8283,137.904,145.4832,106.7449,115.3085,103.3201,107.9299,77.00771,82.19456,8.028164,7.209769,13.26403,4.802268,0.898330723,0.936317733,0.899458335,0.935128807,0.749217572,0.741871914,0.721418166,0.712823079
BackColor_E266C760800226_20170612095743.jpg,2017/7/10 16:56,Lens0Color,1.65,0.34,2.11,1.29,0.57,1.72,0.63,1.05,2.25,0.53,0.15,2.14,0.99,1.11,1.93,0.32,0.68,2.88,1.62,0.01,1.94,0.87,2.11,2.1,2.46,0.78,2.25,2.21,1.9,1.66,0.74,0,1.71,1.22,0.01,1.31,0.65,3.49,1.73,0.08,0.1,2.33,4.02,0.52,2.83,1.05,0,0.99,2.42,1.53,2.11,0.01,1.04,1.86,0.97,0.83,1.44,0.95,0.81,1.58,0.92,0.75,1.57,0.88,0.64,2.07,0.78,0.61,1.96,0.75,0.39,1.58,0.635,0.559,0.192,0.307,0.17,0.291,0.311,0.395,0.248,0.249,129.6703,137.7133,99.83974,108.9849,122.7678,135.1538,95.64748,107.2148,138.3603,145.1099,106.7089,115.3615,102.1088,106.7962,75.59361,81.68887,8.932889,8.262972,13.66806,5.138929,0.887305101,0.931389244,0.89634023,0.929381119,0.73799204,0.735967704,0.708409608,0.708112065
BackColor_E266C760800226_20170612100100.jpg,2017/7/10 16:56,Lens0Color,1.61,0.34,2.19,1.28,0.57,1.69,0.61,1.05,2.23,0.51,0.15,2.12,0.98,1.12,1.97,0.31,0.69,2.92,1.61,0.01,1.96,0.84,2.09,2.05,2.44,0.77,2.21,2.15,1.87,1.69,0.73,0,1.77,1.21,0.01,1.46,0.61,3.39,1.78,0.08,0.1,2.41,3.99,0.53,2.82,1.05,0,0.99,2.4,1.53,2.17,0.01,1.04,1.74,0.96,0.83,1.43,0.94,0.82,1.57,0.92,0.75,1.54,0.88,0.66,2.03,0.78,0.61,1.93,0.75,0.4,1.61,0.749,0.633,0.19,0.3,0.174,0.301,0.305,0.398,0.249,0.306,129.7984,137.9105,100.3173,109.3764,121.7738,134.6267,93.92022,106.4845,139.1077,145.492,107.9007,116.1611,103.0321,107.899,77.54004,82.60481,9.494179,9.152372,11.05763,6.008819,0.875392232,0.925320293,0.870431981,0.916696725,0.740664248,0.741614659,0.718624068,0.711122829
BackColor_E266C760800226_20170612101146.jpg,2017/7/10 16:56,Lens0Color,1.67,0.32,2.06,1.32,0.56,1.79,0.63,1.04,2.28,0.52,0.13,2.1,1,1.12,1.9,0.3,0.67,2.81,1.66,0.01,1.91,0.86,2.18,2.15,2.56,0.78,2.18,2.2,1.92,1.63,0.73,0,1.77,1.22,0.01,1.47,0.63,3.56,1.68,0.08,0.1,2.2,4.24,0.54,2.81,1.05,0,1.11,2.51,1.56,2.1,0.01,1.04,1.73,0.96,0.83,1.36,0.94,0.81,1.49,0.92,0.74,1.77,0.87,0.65,2.08,0.77,0.61,2.02,0.73,0.37,1.51,0.721,0.823,0.169,0.322,0.169,0.297,0.295,0.455,0.25,0.309,124.0947,131.6115,93.95508,103.1543,117.9056,127.7362,89.04699,100.2012,132.4328,139.2036,100.5868,109.8228,96.50602,102.7846,72.9416,76.6425,8.64336,7.866317,12.4435,4.827122,0.890305121,0.917621383,0.885275106,0.912389777,0.728716904,0.738376019,0.725160757,0.697874212
BackColor_E266C760800226_20170612101653.jpg,2017/7/10 16:57,Lens0Color,1.68,0.32,2.06,1.31,0.55,1.81,0.62,1.03,2.27,0.51,0.13,2.06,0.99,1.11,1.89,0.29,0.67,2.78,1.65,0.01,1.78,0.85,2.17,2.04,2.53,0.77,2.11,2.18,1.9,1.58,0.72,0,1.77,1.22,0.01,1.34,0.61,3.54,1.71,0.07,0.09,2.24,4.17,0.52,2.75,1.05,0,1.08,2.49,1.54,2.09,0.01,1.02,1.75,0.96,0.82,1.32,0.94,0.81,1.47,0.91,0.74,1.73,0.87,0.64,2.09,0.76,0.59,2.01,0.72,0.38,1.5,0.798,0.766,0.18,0.272,0.162,0.263,0.298,0.43,0.226,0.278,123.5419,131.4524,93.98148,103.171,116.936,127.2637,89.00529,99.95369,132.1738,139.35,100.7043,110.1378,95.56403,101.7948,72.54346,76.14457,8.43501,7.885103,12.58595,4.792544,0.884713915,0.913266595,0.883828099,0.907533018,0.723017951,0.730497309,0.720361097,0.691357282
BackColor_E266C760800226_20170612103316.jpg,2017/7/10 16:57,Lens0Color,1.6,0.37,2.13,1.28,0.58,1.69,0.64,1.04,2.32,0.54,0.16,2.13,0.99,1.1,1.89,0.33,0.7,2.88,1.61,0.01,1.95,0.86,2.07,2.05,2.4,0.78,2.23,2.11,1.83,1.61,0.74,0,1.85,1.21,0,1.48,0.64,3.26,1.76,0.09,0.11,2.45,3.83,0.55,2.86,1.05,0,1.04,2.36,1.51,2.06,0.01,1.03,1.89,0.97,0.83,1.44,0.94,0.82,1.52,0.92,0.76,1.58,0.88,0.66,2.05,0.77,0.62,2.04,0.74,0.43,1.56,0.634,0.612,0.169,0.266,0.178,0.242,0.291,0.4,0.322,0.246,132.3224,140.1624,102.2439,111.9855,125.5508,137.02,96.5866,109.1235,140.7955,147.5691,109.5285,118.7931,105.4275,110.6277,79.59729,85.08186,8.2803,7.721623,14.31031,4.808055,0.891724522,0.928514167,0.881839886,0.918601333,0.74879879,0.749667105,0.726726742,0.716218871
BackColor_E266C760800226_20170612110512.jpg,2017/7/10 16:57,Lens0Color,1.62,0.34,2.09,1.29,0.57,1.7,0.63,1.05,2.25,0.52,0.15,2.16,0.99,1.11,1.89,0.32,0.69,2.82,1.62,0.01,1.98,0.85,2.11,2.13,2.45,0.78,2.23,2.2,1.91,1.67,0.74,0,1.82,1.22,0.01,1.4,0.62,3.4,1.81,0.08,0.1,2.41,3.99,0.53,2.8,1.06,0,1,2.41,1.53,2.1,0.01,1.04,1.77,0.97,0.83,1.45,0.94,0.81,1.57,0.92,0.75,1.62,0.88,0.65,2.04,0.78,0.61,1.97,0.74,0.41,1.56,0.758,0.573,0.171,0.292,0.173,0.269,0.303,0.446,0.273,0.279,130.2386,137.7353,99.77208,109.4105,123.3236,134.8106,94.29755,107.0009,138.8401,145.24,107.0409,115.9133,103.3083,107.4445,76.47269,82.84892,8.778055,8.085702,14.21027,4.981556,0.888241942,0.928191958,0.880948778,0.923111498,0.744081141,0.739772101,0.714424953,0.714749041
BackColor_E266C760800226_20170612132747.jpg,2017/7/10 16:57,Lens0Color,1.67,0.31,2.04,1.31,0.55,1.75,0.61,1.03,2.21,0.51,0.13,2.1,0.98,1.1,1.94,0.29,0.66,2.99,1.65,0.01,1.74,0.85,2.19,2.05,2.56,0.75,2.17,2.18,1.88,1.59,0.72,0,1.81,1.22,0.01,1.41,0.59,3.53,1.7,0.07,0.09,2.24,4.23,0.52,2.69,1.05,0,0.98,2.51,1.54,2.14,0.01,1.02,1.68,0.96,0.82,1.35,0.94,0.81,1.5,0.91,0.74,1.74,0.87,0.64,2.12,0.76,0.59,1.99,0.72,0.35,1.5,0.717,0.787,0.18,0.282,0.154,0.259,0.312,0.418,0.291,0.278,123.1118,130.2055,93.20123,102.0036,115.9357,126.2898,87.52547,98.29118,132.2989,137.8996,100.2582,109.1556,94.53729,100.9373,71.67249,74.93126,8.568093,7.711366,12.76935,4.829383,0.876316432,0.915809763,0.873000612,0.900468506,0.714573515,0.731962239,0.714879082,0.686462811
BackColor_E266C760800226_20170612135104.jpg,2017/7/10 16:57,Lens0Color,1.69,0.33,2,1.32,0.56,1.8,0.62,1.05,2.26,0.52,0.13,2.09,1,1.12,1.86,0.3,0.67,2.84,1.66,0.01,1.95,0.86,2.18,2.06,2.57,0.78,2.23,2.2,1.92,1.57,0.72,0,1.81,1.23,0.01,1.48,0.62,3.59,1.68,0.08,0.1,2.25,4.23,0.54,2.93,1.05,0,1.03,2.51,1.56,2.03,0.01,1.04,1.73,0.96,0.82,1.38,0.94,0.81,1.51,0.92,0.74,1.76,0.87,0.65,2.12,0.77,0.61,1.99,0.73,0.37,1.51,0.719,0.598,0.176,0.292,0.154,0.245,0.251,0.441,0.234,0.301,123.7621,130.922,93.76431,102.5106,117.6866,127.3109,88.86763,99.14314,132.0025,138.3655,100.2985,109.1526,96.61751,102.2285,73.26398,76.8765,8.017426,7.618989,12.64744,4.715003,0.891548266,0.920105807,0.886031496,0.908298474,0.731936971,0.738829405,0.730459379,0.704302967
BackColor_E266C760800226_20170612135514.jpg,2017/7/10 16:58,Lens0Color,1.63,0.35,2.16,1.29,0.58,1.72,0.63,1.05,2.36,0.53,0.16,2.12,0.99,1.12,1.89,0.32,0.7,2.77,1.62,0.01,1.96,0.85,2.11,2.11,2.47,0.79,2.21,2.21,1.92,1.67,0.74,0,1.8,1.22,0.01,1.43,0.63,3.48,1.75,0.08,0.1,2.41,4.01,0.54,2.89,1.06,0,0.99,2.44,1.55,2.14,0.01,1.04,1.83,0.96,0.83,1.41,0.94,0.81,1.54,0.93,0.75,1.61,0.88,0.65,2.04,0.78,0.61,1.97,0.75,0.41,1.58,0.611,0.513,0.188,0.293,0.173,0.275,0.304,0.393,0.284,0.295,129.8249,137.5171,99.51462,109.0223,122.3395,134.514,93.81049,106.0897,138.4553,144.9023,106.6671,115.3525,104.1163,107.7832,77.82323,83.77245,8.598174,7.617311,13.80338,4.867317,0.883602867,0.928308246,0.879469771,0.91970005,0.751984937,0.743833604,0.729589817,0.726230034
BackColor_E266C760800226_20170612135719.jpg,2017/7/10 16:58,Lens0Color,1.69,0.32,2.03,1.32,0.55,1.79,0.63,1.04,2.2,0.52,0.13,2.06,1,1.13,1.91,0.3,0.67,2.92,1.67,0.01,1.95,0.86,2.19,2.05,2.57,0.78,2.15,2.21,1.92,1.57,0.72,0,1.86,1.23,0.01,1.48,0.62,3.56,1.7,0.08,0.1,2.28,4.24,0.53,2.76,1.05,0,1.03,2.52,1.56,2.11,0.01,1.05,1.7,0.97,0.82,1.32,0.94,0.81,1.56,0.92,0.74,1.76,0.87,0.64,2.01,0.77,0.6,1.97,0.74,0.37,1.49,0.618,0.678,0.17,0.299,0.173,0.295,0.266,0.401,0.251,0.279,123.6409,130.8503,93.86916,102.615,118.1306,127.66,89.7285,99.67928,131.6074,138.301,100.1513,109.0617,96.61967,101.5548,72.88934,77.11126,7.95939,7.739027,12.39941,4.756168,0.897598463,0.923059125,0.895929459,0.913971449,0.734150739,0.734302717,0.72779225,0.707042527
BackColor_E266C760800226_20170612135950.jpg,2017/7/10 16:58,Lens0Color,1.68,0.32,2.03,1.31,0.55,1.8,0.62,1.03,2.25,0.52,0.13,2.12,0.99,1.12,1.88,0.29,0.67,2.84,1.65,0.01,1.82,0.85,2.18,2.04,2.55,0.75,2.18,2.19,1.9,1.6,0.72,0,1.84,1.22,0.01,1.36,0.6,3.52,1.68,0.08,0.1,2.26,4.23,0.53,2.82,1.05,0,1.01,2.5,1.54,2.15,0.01,1.03,1.73,0.96,0.82,1.34,0.94,0.8,1.49,0.91,0.73,1.7,0.87,0.64,2.1,0.76,0.6,1.96,0.73,0.37,1.54,0.674,0.662,0.162,0.266,0.163,0.31,0.258,0.405,0.238,0.242,123.569,130.6626,93.87648,102.6568,116.5717,126.7737,88.3298,99.14422,132.2563,138.2536,100.828,109.603,96.22475,101.5409,72.66383,76.01221,8.712523,8.353187,12.07035,5.029305,0.88140754,0.916964911,0.876044353,0.904575787,0.727562695,0.734453931,0.720671143,0.693523079
BackColor_E266C760800226_20170612140201.jpg,2017/7/10 16:58,Lens0Color,1.69,0.33,2.05,1.32,0.55,1.82,0.63,1.04,2.16,0.53,0.13,2.11,1.01,1.13,1.89,0.31,0.67,2.76,1.67,0.01,1.86,0.86,2.18,2.03,2.57,0.77,2.17,2.21,1.92,1.56,0.74,0,1.83,1.23,0.01,1.49,0.63,3.58,1.71,0.09,0.1,2.33,4.25,0.53,2.78,1.05,0,0.99,2.54,1.56,2.08,0.01,1.05,1.72,0.97,0.83,1.37,0.95,0.81,1.51,0.92,0.74,1.68,0.88,0.64,2.06,0.79,0.61,1.96,0.75,0.37,1.5,0.629,0.575,0.108,0.235,0.153,0.272,0.223,0.427,0.243,0.226,123.8462,131.0493,93.94366,102.5647,119.1302,128.4487,89.9519,100.1191,131.527,138.1666,100.0854,108.849,96.49901,101.9183,73.27861,76.94871,7.885803,7.547129,12.33083,4.752665,0.905747109,0.929665346,0.898751466,0.919798069,0.733682134,0.737647883,0.732160835,0.706930794
BackColor_E266C760800226_20170612140428.jpg,2017/7/10 16:58,Lens0Color,1.68,0.32,2,1.32,0.56,1.81,0.63,1.04,2.28,0.52,0.13,2.14,1,1.13,1.85,0.3,0.67,2.83,1.66,0.01,1.81,0.86,2.18,2.01,2.56,0.77,2.13,2.2,1.91,1.62,0.73,0,1.82,1.23,0.01,1.44,0.61,3.53,1.7,0.08,0.1,2.25,4.23,0.53,2.79,1.05,0,1.02,2.52,1.56,2.1,0.01,1.04,1.7,0.96,0.82,1.37,0.94,0.81,1.5,0.91,0.74,1.73,0.87,0.65,2.08,0.77,0.6,1.98,0.74,0.37,1.49,0.575,0.594,0.189,0.285,0.182,0.276,0.315,0.407,0.266,0.247,123.6988,130.5159,93.85233,102.6071,117.8193,126.6776,89.10256,99.80594,131.9396,138.143,100.358,109.1701,96.52698,101.8264,73.03107,76.4017,8.627424,8.143636,12.15695,4.9454,0.89297906,0.917003395,0.887847107,0.914224133,0.731599762,0.737108648,0.727705514,0.699840891
BackColor_E266C760800226_20170612140611.jpg,2017/7/10 16:59,Lens0Color,1.69,0.33,2.03,1.32,0.56,1.78,0.63,1.05,2.26,0.52,0.13,2.07,0.99,1.12,1.86,0.3,0.67,2.87,1.66,0.01,1.89,0.86,2.18,2.02,2.57,0.78,2.18,2.2,1.92,1.58,0.72,0,1.68,1.23,0.01,1.49,0.62,3.62,1.72,0.07,0.09,2.28,4.23,0.53,2.77,1.05,0,0.98,2.51,1.55,2.17,0.01,1.04,1.67,0.96,0.82,1.37,0.94,0.81,1.46,0.92,0.74,1.77,0.87,0.63,2.06,0.76,0.6,1.99,0.73,0.37,1.52,0.826,0.838,0.174,0.29,0.161,0.296,0.279,0.439,0.245,0.265,123.6716,130.69,93.90087,102.5447,117.4371,126.9069,89.20931,99.38977,131.974,138.2956,100.4854,109.1423,96.73817,101.8564,73.04914,76.70243,8.094153,7.660067,11.94444,4.76447,0.889850274,0.917649585,0.887783797,0.910643903,0.733009305,0.736512225,0.726962723,0.702774543
BackColor_E266C760800226_20170612141411.jpg,2017/7/10 16:59,Lens0Color,1.62,0.35,2.12,1.28,0.57,1.68,0.62,1.05,2.31,0.52,0.15,2.19,0.99,1.12,1.93,0.32,0.7,2.81,1.62,0.01,1.91,0.85,2.11,2.13,2.46,0.79,2.18,2.21,1.9,1.66,0.74,0,1.8,1.21,0.01,1.42,0.62,3.39,1.78,0.09,0.1,2.41,4.01,0.54,2.91,1.06,0,1.05,2.43,1.54,2.08,0.01,1.04,1.89,0.96,0.83,1.44,0.94,0.81,1.58,0.92,0.75,1.56,0.88,0.66,2.1,0.76,0.61,1.97,0.74,0.41,1.58,0.714,0.567,0.186,0.265,0.17,0.271,0.258,0.371,0.249,0.254,129.6078,137.187,99.78674,108.8896,121.1307,134.193,94.77574,106.4487,138.9486,144.7011,106.7897,115.4012,103.6372,106.6633,76.98197,82.43104,8.871036,8.234062,13.50733,5.089895,0.87176625,0.927380649,0.887498888,0.922422817,0.745867177,0.737128467,0.720874485,0.714299678
BackColor_E266C760801446_20170612232026.jpg,2017/7/10 16:59,Lens0Color,1.64,0.38,2.11,1.3,0.6,1.83,0.63,1.08,2.33,0.54,0.17,2.19,1.01,1.15,1.98,0.32,0.7,2.94,1.65,0.01,1.98,0.89,2.17,2.05,2.53,0.85,2.19,2.22,1.98,1.71,0.74,0,1.79,1.22,0.01,1.66,0.72,3.48,1.76,0.1,0.11,2.39,3.96,0.58,2.93,1.06,0,1.16,2.46,1.58,2.13,0.01,1.06,2.07,0.97,0.83,1.47,0.95,0.82,1.56,0.93,0.78,1.52,0.88,0.68,2.07,0.79,0.63,2.07,0.77,0.46,1.69,0.527,0.52,0.36,0.469,0.41,0.347,0.224,0.247,0.216,0.354,125.1147,134.5928,98.84034,104.7286,118.7238,131.0745,95.13762,101.459,132.556,141.5832,105.1935,110.9174,103.3629,107.7643,76.3685,82.03686,19.79142,12.30076,7.936813,13.99828,0.89565014,0.925777211,0.904405881,0.914725733,0.779767796,0.761137621,0.725981168,0.739621196
BackColor_E266C760801446_20170612232205.jpg,2017/7/10 16:59,Lens0Color,1.66,0.36,2.18,1.31,0.59,1.85,0.64,1.08,2.44,0.54,0.15,2.14,1.02,1.15,2.03,0.32,0.7,2.98,1.64,0.01,1.97,0.88,2.16,2.1,2.49,0.81,2.2,2.26,1.95,1.66,0.75,0,1.67,1.23,0.01,1.61,0.7,3.55,1.82,0.1,0.11,2.44,4.1,0.57,2.95,1.06,0,0.97,2.47,1.56,2.16,0.01,1.05,2.07,0.97,0.84,1.45,0.95,0.82,1.59,0.93,0.76,1.57,0.89,0.65,2.18,0.8,0.61,2.12,0.78,0.42,1.72,0.631,0.525,0.34,0.435,0.321,0.311,0.215,0.231,0.205,0.29,125.4302,135.9189,99.36787,105.0434,119.5604,133.5143,95.37782,101.8345,132.7065,142.8041,105.1008,110.861,103.3481,107.7185,80.87093,83.80191,21.05623,11.25995,8.179224,14.10736,0.900938537,0.934947246,0.907489001,0.91857822,0.778771952,0.754309575,0.769460651,0.755918763
BackColor_E266C760801813_20170613085937.jpg,2017/7/10 16:59,Lens0Color,1.59,0.36,2.05,1.29,0.58,1.8,0.63,1.04,2.29,0.53,0.16,2.15,0.98,1.1,1.98,0.33,0.67,2.9,1.62,0.01,1.83,0.83,2.12,2.07,2.45,0.78,2.15,2.11,1.87,1.65,0.74,0,1.79,1.21,0.01,1.58,0.62,3.38,1.75,0.11,0.12,2.33,3.91,0.55,2.67,1.06,0,1.22,2.39,1.5,2.11,0.01,1,1.66,0.96,0.83,1.41,0.93,0.82,1.65,0.92,0.76,1.55,0.87,0.64,2.06,0.75,0.59,2,0.71,0.38,1.64,0.734,0.692,0.319,0.244,0.28,0.32,0.164,0.338,0.198,0.199,126.484,133.1312,99.18851,104.8896,120.5651,125.986,92.99801,99.93002,134.9591,142.2932,106.2969,112.4405,98.13374,104.6025,78.98767,77.96375,7.218171,12.47012,4.859598,5.795881,0.893345465,0.885397194,0.874889202,0.888736888,0.727136888,0.735119458,0.743085358,0.693377831
BackColor_E266C760801813_20170613101207.jpg,2017/7/10 17:00,Lens0Color,1.72,0.27,2.09,1.31,0.59,1.79,0.61,1.08,2.41,0.51,0.09,2.23,0.99,1.16,2.01,0.32,0.71,2.91,1.64,0.01,1.9,0.85,2.33,2.18,2.61,0.77,2.21,2.6,2.22,1.76,0.74,0,1.73,1.22,0.01,1.45,0.53,4.32,1.8,0.06,0.08,2.45,4.7,0.44,2.99,1.07,0,0.68,2.6,1.61,2.19,0.01,1.06,1.54,0.97,0.84,1.41,0.95,0.81,1.62,0.93,0.75,1.58,0.88,0.63,2.13,0.76,0.56,2.23,0.6,0.09,1.55,0.74,0.743,0.294,0.207,0.269,0.257,0.144,0.327,0.174,0.201,124.5618,132.8418,96.55785,102.4103,117.8199,127.2342,92.06245,98.26458,132.5856,141.0117,102.7919,108.7833,100.0449,104.7732,77.07616,80.69653,6.455478,11.89184,4.909166,5.0309,0.888632702,0.902295341,0.895619694,0.903305746,0.754568369,0.743010686,0.749827175,0.74180991
BackColor_E266C760801813_20170613141631.jpg,2017/7/10 17:00,Lens0Color,1.63,0.35,1.98,1.31,0.57,1.77,0.62,1.04,2.34,0.53,0.15,2.18,0.98,1.13,1.99,0.34,0.69,2.77,1.65,0.01,1.87,0.83,2.18,2.02,2.54,0.77,2.12,2.13,1.84,1.62,0.74,0,1.71,1.22,0.01,1.67,0.58,3.42,1.73,0.1,0.12,2.35,4.06,0.51,2.64,1.05,0,0.99,2.42,1.51,2.12,0.01,1.05,1.76,0.96,0.82,1.36,0.94,0.81,1.56,0.91,0.74,1.69,0.87,0.63,2.06,0.75,0.58,1.96,0.73,0.4,1.61,0.477,0.535,0.456,0.415,0.387,0.457,0.314,0.312,0.248,0.242,120.4542,128.8593,94.38776,99.37978,114.1585,122.2841,88.65152,94.326,128.1841,137.4108,101.124,105.8796,96.56197,101.3691,75.10062,79.7056,8.911939,11.86782,5.762667,9.93366,0.890582373,0.889916222,0.876661524,0.89087983,0.753306923,0.73770839,0.742658716,0.752794684
BackColor_E266C760801813_20170613142657.jpg,2017/7/10 17:00,Lens0Color,1.63,0.36,2,1.31,0.59,1.81,0.63,1.07,2.31,0.54,0.15,2.16,0.99,1.13,1.98,0.33,0.69,2.78,1.65,0.01,1.93,0.85,2.21,2.04,2.57,0.79,2.08,2.18,1.92,1.59,0.75,0,1.72,1.23,0.01,1.59,0.62,3.56,1.7,0.11,0.13,2.28,4.16,0.55,2.69,1.06,0,1.18,2.54,1.58,2.04,0.01,1.05,1.66,0.97,0.83,1.37,0.95,0.82,1.53,0.92,0.77,1.68,0.88,0.67,1.98,0.78,0.61,1.97,0.74,0.39,1.59,0.507,0.571,0.36,0.318,0.386,0.358,0.233,0.257,0.249,0.211,121.0079,129.1815,94.59062,98.96951,114.6656,123.5314,88.87933,93.74016,128.8828,136.8291,100.9449,105.5829,96.65466,104.2363,76.39285,79.12262,8.677311,11.90376,5.422626,11.17428,0.889688927,0.902815264,0.880473704,0.887834678,0.749942273,0.761799208,0.756777707,0.749388585
BackColor_E266C760801813_20170613142853.jpg,2017/7/10 17:00,Lens0Color,1.63,0.36,2.03,1.31,0.57,1.79,0.63,1.06,2.34,0.54,0.15,2.16,0.99,1.13,2.03,0.33,0.68,2.8,1.65,0.01,1.94,0.85,2.21,2.05,2.55,0.78,2.1,2.17,1.89,1.61,0.74,0,1.7,1.23,0.01,1.61,0.61,3.53,1.72,0.11,0.13,2.26,4.13,0.55,2.67,1.06,0,1.15,2.48,1.56,2.04,0.01,1.05,1.69,0.97,0.83,1.34,0.95,0.82,1.49,0.92,0.76,1.69,0.88,0.65,2.07,0.77,0.61,2.01,0.73,0.39,1.59,0.541,0.493,0.415,0.327,0.407,0.312,0.233,0.313,0.248,0.232,120.8244,129.0828,94.45325,98.86014,114.4826,123.1903,88.67258,93.17364,128.8515,136.88,100.9793,105.7546,95.36211,103.7244,75.83247,78.43495,8.681605,12.08512,5.394552,11.10433,0.888484806,0.89998758,0.878126309,0.881036286,0.74009313,0.757776154,0.750970446,0.741669393
BackColor_E266C760801813_20170613143024.jpg,2017/7/10 17:00,Lens0Color,1.58,0.4,2.09,1.29,0.61,1.73,0.65,1.07,2.43,0.56,0.19,2.14,0.99,1.12,1.96,0.36,0.71,2.81,1.6,0.02,1.91,0.86,2.08,2.05,2.38,0.79,2.08,2.06,1.82,1.65,0.76,0,1.63,1.22,0.01,1.62,0.64,3.25,1.73,0.12,0.14,2.46,3.7,0.52,2.7,1.06,0,1.01,2.34,1.51,2.07,0.02,1.05,2.2,0.97,0.84,1.43,0.95,0.83,1.54,0.93,0.78,1.57,0.88,0.66,1.99,0.78,0.62,2.02,0.74,0.45,1.63,0.554,0.672,0.402,0.42,0.382,0.39,0.256,0.267,0.238,0.224,131.0284,138.6987,104.1248,108.5792,124.299,132.8985,97.32844,102.3377,138.875,146.6507,111.0447,115.7837,107.8056,112.0744,85.63617,87.92751,8.831227,10.94356,5.78215,12.16549,0.895042304,0.906224791,0.876479832,0.883869664,0.776277948,0.764226833,0.771186468,0.759411817
BackColor_E266C760801813_20170613143156.jpg,2017/7/10 17:01,Lens0Color,1.58,0.39,2.12,1.28,0.6,1.74,0.65,1.07,2.27,0.55,0.18,2.16,0.98,1.12,1.95,0.36,0.71,2.82,1.59,0.03,1.9,0.85,2.07,2.05,2.38,0.78,2.09,2.05,1.81,1.62,0.75,0,1.63,1.22,0.01,1.58,0.65,3.29,1.75,0.12,0.14,2.49,3.73,0.54,2.72,1.06,0,0.98,2.29,1.48,2.08,0.02,1.05,2.24,0.97,0.84,1.42,0.95,0.83,1.51,0.93,0.77,1.54,0.88,0.66,1.99,0.79,0.62,2.03,0.73,0.46,1.65,0.499,0.672,0.426,0.309,0.405,0.363,0.223,0.275,0.241,0.281,131.0817,138.3203,104.2378,108.4004,124.2356,132.6322,97.23875,102.2242,139.0806,146.167,111.3769,115.5118,107.3818,111.9728,85.58897,88.19138,8.9207,11.35233,5.811503,11.87835,0.893263331,0.907401808,0.873060302,0.884967596,0.772083238,0.766060739,0.768462491,0.763483731
BackColor_E266C760801814_20170612204709.jpg,2017/7/10 17:01,Lens0Color,1.55,0.32,2.06,1.27,0.54,1.71,0.62,1.01,2.33,0.51,0.15,2.15,0.95,1.06,2.02,0.3,0.63,2.93,1.61,0.01,1.88,0.81,2.06,2,2.34,0.68,2.07,2.01,1.71,1.62,0.72,0,1.78,1.18,0.01,1.26,0.59,3.25,1.69,0.11,0.12,2.19,3.71,0.46,2.41,1.04,0,1.24,2.28,1.41,2.08,0.01,0.98,1.94,0.95,0.81,1.36,0.94,0.8,1.48,0.91,0.73,1.58,0.86,0.62,2.03,0.74,0.57,1.88,0.69,0.36,1.48,0.619,0.568,0.295,0.347,0.156,0.113,0.116,0.12,0.143,0.253,124.8501,134.296,98.4522,104.4827,114.7272,129.3582,93.29211,99.40861,136.5415,143.2153,106.7891,113.2791,91.73148,100.6807,69.78078,71.70237,7.195073,4.134089,3.250284,4.308879,0.840236851,0.90324288,0.87361079,0.87755473,0.671821241,0.703002403,0.65344478,0.632970866
BackColor_E266C760801816_20170612221009.jpg,2017/7/10 17:01,Lens0Color,1.54,0.36,2.03,1.29,0.55,1.74,0.64,1,2.05,0.53,0.18,2.12,0.97,1.07,1.95,0.37,0.64,2.61,1.63,0.02,1.92,0.84,1.98,1.95,2.41,0.78,2.1,1.91,1.67,1.59,0.73,0.02,1.9,1.21,0.01,1.63,0.64,2.88,1.68,0.12,0.13,2.26,3.77,0.59,2.26,1.05,0,1.36,2.34,1.43,2.1,0.09,0.99,2.27,0.96,0.82,1.37,0.95,0.8,1.5,0.92,0.74,1.63,0.88,0.65,1.96,0.8,0.6,1.85,0.75,0.44,1.48,0.346,0.572,0.1,0.283,0.039,0.032,0.08,0.099,0.137,0.237,121.7647,131.1025,98.51418,101.6574,114.6096,129.369,94.98438,100.5431,131.2461,138.2951,105.599,107.8589,91.42603,99.19493,71.42542,73.50998,4.234952,3.567017,3.334669,3.688364,0.873241948,0.935456137,0.899481813,0.932172496,0.696599975,0.717270026,0.676383488,0.68153838
BackColor_E266C760801817_20170612231723.jpg,2017/7/10 17:01,Lens0Color,1.45,0.35,2.13,1.26,0.55,1.74,0.65,0.98,2.19,0.55,0.19,2.11,0.95,1.02,2.07,0.37,0.64,2.88,1.58,0.02,1.94,0.82,1.9,2.08,2.24,0.71,2.11,1.78,1.48,1.75,0.73,0.02,2,1.19,0.01,1.74,0.62,2.64,1.74,0.13,0.14,2.37,3.3,0.51,2.59,1.04,0,1.3,2.12,1.32,2.13,0.09,0.96,2.26,0.95,0.79,1.46,0.93,0.77,1.55,0.91,0.72,1.64,0.86,0.6,2.08,0.74,0.55,2.03,0.7,0.43,1.76,0.526,0.523,0.373,0.51,0.249,0.263,0.276,0.259,0.251,0.269,125.2772,133.0766,98.54502,106.98,115.4849,125.9522,88.71492,100.6117,136.1347,143.1591,108.4992,115.7257,95.28964,99.006,73.33588,77.85481,15.57183,9.250198,9.478516,8.320251,0.848313472,0.879805755,0.817655061,0.869398068,0.699965843,0.691580207,0.675911712,0.672752984
BackColor_E266C760801818_20170612211617.jpg,2017/7/10 17:01,Lens0Color,1.52,0.38,2.09,1.27,0.59,1.77,0.6,1.06,2.19,0.49,0.2,2.06,0.96,1.11,1.91,0.31,0.68,2.8,1.6,0.02,2.03,0.82,2.1,2.02,2.38,0.78,2.13,2.01,1.79,1.59,0.73,0.03,2,1.18,0.01,1.57,0.59,3.2,1.7,0.1,0.13,2.25,3.71,0.55,2.4,1.04,0,1.3,2.28,1.46,2.01,0.02,1.01,2.2,0.95,0.82,1.37,0.93,0.82,1.53,0.91,0.77,1.79,0.87,0.67,2.01,0.74,0.61,1.9,0.69,0.43,1.42,0.554,0.546,0.079,0.189,0.151,0.196,0.116,0.191,0.166,0.16,126.2701,130.9088,96.86574,104.625,115.6892,125.62,90.75117,98.82045,136.7797,139.1371,104.1848,113.176,100.6853,102.0121,74.68173,75.40276,4.069777,4.175126,3.839905,3.748209,0.845806797,0.902850498,0.871059598,0.873157295,0.736112888,0.733176845,0.716819824,0.666243373
BackColor_E266C760801831_20170613094224.jpg,2017/7/10 17:02,Lens0Color,1.62,0.38,2.08,1.31,0.6,1.78,0.66,1.06,2.3,0.56,0.19,2.11,1.02,1.15,1.91,0.38,0.7,2.68,1.66,0.05,2.01,0.88,2.13,2.03,2.46,0.78,2.18,2.07,1.82,1.73,0.76,0.02,1.96,1.22,0.01,1.72,0.7,3.28,1.66,0.13,0.13,2.28,3.87,0.55,2.85,1.05,0,1.2,2.46,1.55,2.11,0.04,1.05,2.26,0.97,0.83,1.36,0.95,0.81,1.54,0.93,0.76,1.7,0.89,0.67,2.1,0.8,0.62,2.06,0.75,0.41,1.61,0.702,0.541,0.265,0.277,0.204,0.201,0.201,0.269,0.223,0.303,123.3748,129.8257,96.17552,102.8886,117.8049,126.917,93.24223,100.586,130.6515,136.6479,101.9074,108.7463,100.401,103.0077,75.43568,79.63953,10.88706,8.808584,5.071155,7.280732,0.901672771,0.928788514,0.914970159,0.924960206,0.768464197,0.75381839,0.74023751,0.732342434
BackColor_E266C760801831_20170613094431.jpg,2017/7/10 17:02,Lens0Color,1.56,0.35,2.11,1.28,0.56,1.71,0.65,1.02,2.32,0.54,0.17,2.11,0.98,1.09,1.94,0.36,0.68,2.78,1.61,0.02,1.95,0.84,2.01,2.03,2.34,0.74,2.18,1.98,1.69,1.73,0.75,0,1.86,1.21,0.01,1.54,0.64,3.05,1.76,0.13,0.13,2.47,3.69,0.53,2.75,1.05,0,1.39,2.28,1.44,2.12,0.03,1.01,2.25,0.97,0.83,1.44,0.95,0.81,1.57,0.93,0.76,1.53,0.89,0.66,2.11,0.77,0.6,2.03,0.7,0.4,1.63,0.657,0.542,0.294,0.248,0.203,0.193,0.196,0.315,0.24,0.299,128.5032,135.4481,101.2729,107.993,120.7334,130.7067,96.24336,103.0904,138.079,143.359,108.5368,115.7483,99.35229,107.4516,76.73359,80.56423,10.57096,8.537693,5.256324,7.413171,0.87437916,0.911743944,0.886734822,0.890642886,0.719532224,0.749528108,0.70698224,0.696029488
BackColor_E266C760801831_20170613094645.jpg,2017/7/10 17:02,Lens0Color,1.59,0.36,2.08,1.28,0.58,1.73,0.66,1.02,2.28,0.55,0.17,2.17,0.99,1.1,1.98,0.38,0.68,2.88,1.61,0.02,1.97,0.85,2.03,2.11,2.35,0.75,2.21,2,1.73,1.74,0.76,0,2.01,1.22,0.01,1.44,0.66,3.11,1.75,0.13,0.13,2.42,3.69,0.52,2.74,1.05,0,1.33,2.28,1.45,2.09,0.03,1.02,2.3,0.97,0.83,1.43,0.95,0.81,1.59,0.93,0.78,1.55,0.89,0.66,2.09,0.79,0.61,2.01,0.72,0.4,1.62,0.724,0.568,0.254,0.235,0.249,0.213,0.207,0.322,0.268,0.352,128.8228,135.4611,101.2858,108.0841,122.2439,131.4701,96.86914,104.0566,137.6123,142.9626,108.1597,115.3479,100.32,107.6235,77.72891,80.85047,10.58901,8.795009,5.231284,7.48233,0.888321029,0.919611843,0.895612136,0.902110918,0.729004602,0.752808777,0.71864946,0.700927108
BackColor_E266C760801831_20170613094814.jpg,2017/7/10 17:02,Lens0Color,1.57,0.36,2.12,1.28,0.58,1.74,0.65,1.02,2.37,0.54,0.17,2.11,0.99,1.1,1.97,0.37,0.68,2.74,1.61,0.01,1.95,0.85,2.02,2.06,2.35,0.75,2.24,1.99,1.7,1.77,0.75,0,1.9,1.2,0.01,1.5,0.65,3.11,1.73,0.13,0.14,2.45,3.72,0.54,2.73,1.05,0,1.38,2.28,1.44,2.1,0.03,1.01,2.31,0.97,0.83,1.43,0.95,0.81,1.57,0.93,0.75,1.55,0.89,0.64,2.07,0.78,0.6,2.03,0.71,0.4,1.62,0.77,0.568,0.309,0.283,0.226,0.201,0.198,0.321,0.23,0.316,128.7077,135.5019,101.3059,108.1167,121.7196,131.1382,96.2009,103.5754,137.7619,143.258,108.5831,115.6296,99.99808,107.8104,77.15203,80.8279,10.6355,8.721828,5.244885,7.410542,0.883550532,0.915398791,0.88596568,0.895751607,0.725876168,0.752561114,0.71053442,0.699024298
BackColor_E266C760801831_20170613095109.jpg,2017/7/10 17:02,Lens0Color,1.6,0.35,2.11,1.28,0.57,1.73,0.65,1.02,2.39,0.54,0.16,2.16,0.99,1.09,1.95,0.37,0.68,2.8,1.61,0.01,1.96,0.85,2.04,2.11,2.37,0.76,2.22,2.02,1.73,1.72,0.75,0,1.93,1.2,0.01,1.4,0.66,3.17,1.74,0.12,0.13,2.38,3.74,0.53,2.85,1.05,0,1.33,2.3,1.47,2.14,0.03,1.01,2.34,0.97,0.83,1.41,0.95,0.81,1.55,0.93,0.76,1.52,0.88,0.66,2.11,0.78,0.61,2.04,0.72,0.39,1.62,0.766,0.557,0.299,0.225,0.197,0.202,0.196,0.273,0.223,0.289,128.3856,135.3915,100.8487,107.6533,121.5666,131.1107,96.19571,103.432,137.3551,143.1127,107.7367,115.1309,99.76598,107.5729,77.96719,80.35194,10.42,8.079956,5.28768,7.183479,0.885053413,0.916136024,0.892877822,0.898386098,0.72633619,0.751665645,0.723682738,0.697918109
BackColor_E266C760801831_20170613095204.jpg,2017/7/10 17:03,Lens0Color,1.58,0.35,2.12,1.28,0.57,1.74,0.64,1.03,2.24,0.54,0.16,2.16,0.99,1.09,1.99,0.36,0.69,2.8,1.61,0.01,1.93,0.83,2.03,2.08,2.35,0.75,2.2,2.01,1.74,1.76,0.75,0,1.87,1.2,0.01,1.53,0.64,3.15,1.74,0.11,0.13,2.37,3.75,0.53,2.87,1.05,0,1.5,2.32,1.48,2.13,0.02,1.02,2.21,0.97,0.83,1.41,0.95,0.81,1.6,0.92,0.76,1.54,0.88,0.66,2.03,0.76,0.6,2.02,0.69,0.38,1.63,0.749,0.559,0.258,0.236,0.22,0.205,0.194,0.253,0.234,0.336,128.2653,135.3334,100.5644,107.5507,120.8938,130.461,95.38249,102.6646,137.4353,143.1583,107.7723,115.0688,99.87534,107.6854,77.12019,80.72401,9.974741,7.229595,5.197802,6.779235,0.879641548,0.911305876,0.885037157,0.892201883,0.726708058,0.752212062,0.715584524,0.701528216
BackColor_E266C760801834_20170612224541.jpg,2017/7/10 17:03,Lens0Color,1.41,0.29,2,1.24,0.49,1.66,0.58,0.97,2.16,0.5,0.14,2.17,0.9,1.04,2.02,0.26,0.63,2.84,1.55,0.01,1.81,0.75,1.89,2.05,2.26,0.66,2.08,1.83,1.56,1.59,0.7,0,1.87,1.16,0.01,1.44,0.53,2.65,1.78,0.09,0.1,2.42,3.44,0.47,2.17,1.04,0,1.11,2.16,1.35,2.02,0.01,0.94,1.63,0.93,0.79,1.48,0.92,0.78,1.68,0.89,0.71,1.64,0.83,0.61,2.03,0.72,0.54,1.99,0.64,0.38,1.48,0.21,0.166,0.201,0.218,0.27,0.339,0.239,0.196,0.255,0.242,125.3134,135.1191,100.2033,106.4805,111.1586,123.8608,87.3092,94.50433,139.2782,147.5812,112.4076,118.7473,90.53627,100.6975,71.22926,74.83829,4.258224,7.405896,4.548102,4.72895,0.7981048,0.839272211,0.776719724,0.795844032,0.650039059,0.682319293,0.633669432,0.630231508
BackColor_E266C760801837_20170612222854.jpg,2017/7/10 17:03,Lens0Color,1.47,0.27,2.09,1.24,0.5,1.68,0.59,0.98,2.18,0.48,0.12,2.1,0.9,1.05,2.04,0.26,0.62,3.03,1.56,0.01,1.9,0.78,2,2.05,2.29,0.64,2.13,1.97,1.7,1.58,0.69,0,1.9,1.16,0.01,1.5,0.56,3.1,1.83,0.06,0.07,2.35,3.68,0.42,2.44,1.04,0,1,2.24,1.38,2.1,0.01,0.95,1.61,0.94,0.79,1.42,0.92,0.78,1.6,0.89,0.7,1.67,0.81,0.58,2.18,0.69,0.52,1.95,0.61,0.35,1.53,0.282,0.221,0.289,0.205,0.2,0.248,0.223,0.262,0.313,0.222,125.4334,131.5748,98.06016,102.9871,112.7565,120.7843,87.10284,92.06831,138.7664,143.8727,109.4518,114.8407,90.47751,97.0713,69.00806,70.73701,5.389888,16.78182,5.211645,6.190938,0.812563416,0.839522022,0.795810028,0.801704535,0.652013095,0.674702706,0.630488124,0.61595767
BackColor_E266C760801840_20170612223331.jpg,2017/7/10 17:03,Lens0Color,1.58,0.33,2.1,1.29,0.56,1.76,0.61,1.03,2.19,0.51,0.15,2.1,0.97,1.09,1.99,0.31,0.66,2.79,1.62,0.01,1.78,0.83,2.07,2,2.4,0.74,2.11,2.06,1.79,1.52,0.72,0,1.87,1.19,0.01,1.22,0.6,3.27,1.7,0.1,0.12,2.23,3.91,0.54,2.45,1.05,0,0.94,2.32,1.46,2.12,0.02,1.01,2.09,0.96,0.82,1.44,0.94,0.81,1.56,0.92,0.75,1.61,0.86,0.65,2.06,0.75,0.6,1.92,0.7,0.39,1.55,0.453,0.378,0.186,0.243,0.147,0.187,0.249,0.372,0.187,0.172,123.8876,130.9041,95.08579,104.291,114.4352,124.6178,88.71533,100.1305,134.2546,139.4789,102.5701,111.9361,95.89183,102.4805,72.83273,76.556,14.26531,13.46734,9.392123,6.500254,0.852374518,0.893452701,0.864923891,0.894532684,0.71425359,0.734738373,0.710077596,0.683925918
BackColor_E266C760801841_20170612231550.jpg,2017/7/10 17:03,Lens0Color,1.52,0.33,2.14,1.26,0.54,1.7,0.6,1,2.3,0.5,0.15,2.14,0.95,1.07,1.96,0.29,0.65,2.89,1.61,0.01,1.83,0.8,2.01,2.06,2.38,0.73,2.16,2.02,1.75,1.63,0.72,0,1.99,1.18,0.01,1.4,0.58,3.06,1.74,0.09,0.1,2.41,3.87,0.53,2.75,1.05,0,1.21,2.29,1.43,2.11,0.01,0.99,1.62,0.95,0.81,1.42,0.93,0.8,1.62,0.91,0.73,1.58,0.85,0.61,2.03,0.74,0.57,1.97,0.67,0.38,1.6,0.454,0.465,0.444,0.444,0.277,0.248,0.216,0.375,0.198,0.284,127.5698,131.8097,99.41904,105.0874,115.8019,124.3668,91.18851,97.7881,139.3218,141.5359,108.3319,114.2714,98.58569,101.0645,74.89097,76.80588,11.91813,19.30711,8.186744,16.40287,0.831182916,0.878694381,0.841751229,0.855753058,0.707611372,0.714055586,0.691310408,0.672135635
BackColor_E266C760801843_20170612225929.jpg,2017/7/10 17:04,Lens0Color,1.51,0.29,2.13,1.27,0.53,1.65,0.61,1,2.1,0.5,0.13,2.12,0.94,1.07,2.05,0.28,0.64,2.97,1.58,0.01,1.83,0.81,2.01,1.97,2.36,0.68,2.09,2.04,1.73,1.57,0.71,0,1.96,1.17,0.01,1.41,0.59,3.21,1.71,0.1,0.09,2.32,3.8,0.46,2.47,1.04,0,1.02,2.28,1.41,2.14,0.01,0.98,1.77,0.95,0.8,1.5,0.93,0.8,1.61,0.9,0.72,1.64,0.86,0.62,2.11,0.73,0.56,1.95,0.67,0.36,1.54,0.399,0.379,0.357,0.44,0.271,0.228,0.275,0.34,0.271,0.287,125.3597,131.644,95.39713,102.5469,115.0515,124.0275,85.10019,92.91714,136.8584,141.582,105.4277,112.9356,93.27157,100.4746,70.53029,74.55804,12.27503,11.98555,9.091652,8.753849,0.840660858,0.876011781,0.807190046,0.822744467,0.681518781,0.709656595,0.66899202,0.660181909
BackColor_E266C760801844_20170613084410.jpg,2017/7/10 17:04,Lens0Color,1.54,0.32,2.1,1.27,0.53,1.69,0.62,1.01,2.25,0.51,0.14,2.19,0.95,1.09,1.99,0.31,0.65,2.75,1.62,0.01,1.79,0.81,2.08,2.07,2.4,0.73,2.1,2.06,1.83,1.62,0.73,0,1.62,1.21,0.01,1.73,0.59,3.2,1.71,0.09,0.11,2.24,3.84,0.53,2.38,1.06,0,1.18,2.36,1.5,2.02,0.01,1.01,1.83,0.95,0.81,1.33,0.93,0.81,1.57,0.92,0.75,1.59,0.87,0.66,2.03,0.74,0.59,1.97,0.72,0.41,1.53,0.619,0.704,0.186,0.225,0.129,0.144,0.185,0.224,0.216,0.224,125.3025,134.8699,100.3246,103.6621,117.5308,129.68,95.38561,99.27501,135.5253,143.4363,108.6446,111.7956,92.68139,104.2975,70.87148,73.46156,4.366436,4.871571,3.655981,4.054818,0.867224053,0.90409471,0.877959972,0.888004626,0.683867809,0.727134624,0.652324,0.657106004
BackColor_E266C760801850_20170612155400.jpg,2017/7/10 17:04,Lens0Color,1.54,0.35,2.15,1.26,0.58,1.73,0.62,1.03,2.29,0.52,0.16,2.09,0.96,1.11,1.96,0.3,0.69,2.93,1.57,0.01,1.96,0.84,2.08,2.07,2.32,0.73,2.19,2.12,1.84,1.67,0.73,0,1.94,1.17,0,1.46,0.58,3.31,1.83,0.12,0.13,2.38,3.69,0.47,2.51,1.05,0,1.12,2.25,1.43,2.02,0.01,1.02,1.51,0.96,0.83,1.44,0.94,0.81,1.48,0.92,0.75,1.51,0.88,0.64,1.96,0.74,0.58,1.94,0.68,0.38,1.5,0.36,0.438,0.44,0.374,0.465,0.238,0.513,0.309,0.347,0.28,129.0256,140.7956,102.96,108.0851,118.3872,135.6216,95.14875,101.333,139.5114,149.2525,111.2045,116.6658,103.3337,111.1297,80.84005,80.92077,11.89237,4.26815,8.001791,6.133297,0.848584417,0.908672217,0.855619602,0.868575024,0.74068284,0.744575133,0.726949449,0.693611753
BackColor_E266C760801850_20170612205048.jpg,2017/7/10 17:04,Lens0Color,1.47,0.37,2.04,1.26,0.57,1.63,0.61,1.03,2.29,0.52,0.2,2.16,0.95,1.1,1.93,0.29,0.69,2.85,1.58,0.02,1.88,0.84,2.04,2.1,2.31,0.73,2.07,1.99,1.7,1.69,0.72,0.01,2.02,1.18,0.01,1.49,0.6,3.07,1.75,0.13,0.15,2.29,3.56,0.49,2.66,1.05,0,1.32,2.25,1.42,2.01,0.01,1.01,1.84,0.96,0.83,1.4,0.93,0.82,1.62,0.91,0.76,1.61,0.86,0.66,2.07,0.73,0.61,2.04,0.66,0.47,1.61,0.699,0.656,0.242,0.209,0.303,0.381,0.183,0.426,0.141,0.137,127.6889,132.4652,102.2264,106.3186,115.7232,125.1056,94.72791,97.41618,138.9743,141.1576,110.289,115.2692,101.6862,106.5369,80.23342,83.30129,5.407571,24.05517,5.425106,10.35838,0.832694966,0.886283133,0.858906237,0.845118904,0.731690679,0.754737258,0.72748343,0.722667373
BackColor_E266C760801853_20170612224715.jpg,2017/7/10 17:04,Lens0Color,1.44,0.34,2.03,1.24,0.51,1.71,0.61,0.97,2.27,0.51,0.17,2.17,0.92,1.05,1.97,0.28,0.65,2.8,1.57,0.01,1.94,0.8,1.89,2.11,2.28,0.68,2.06,1.86,1.57,1.61,0.72,0,1.92,1.15,0.01,1.56,0.6,2.72,1.74,0.12,0.13,2.29,3.47,0.51,2.41,1.05,0,1.23,2.19,1.37,2.03,0.01,0.98,2.04,0.95,0.81,1.4,0.92,0.79,1.61,0.9,0.72,1.66,0.84,0.62,2.16,0.72,0.57,1.9,0.64,0.45,1.48,0.358,0.422,0.299,0.393,0.415,0.203,0.333,0.406,0.25,0.208,126.3719,133.6775,100.8,104.7264,113.5465,123.2954,91.19342,95.20358,138.8856,145.0471,110.0391,114.5946,95.77632,102.7726,77.5807,78.97798,6.221837,5.393695,6.741948,6.836909,0.81755416,0.850036988,0.828736513,0.830785918,0.689605834,0.708546396,0.705028485,0.689194604
BackColor_E266C760801856_20170613100000.jpg,2017/7/10 17:05,Lens0Color,1.56,0.35,2.12,1.27,0.57,1.7,0.61,1.05,2.13,0.52,0.16,2.13,0.98,1.12,2,0.31,0.69,2.77,1.61,0.01,1.74,0.82,2.09,2.07,2.39,0.77,2.11,2.1,1.85,1.62,0.72,0,1.71,1.19,0.01,1.29,0.6,3.33,1.74,0.07,0.1,2.38,3.84,0.54,2.63,1.05,0,1.23,2.33,1.49,2.08,0.01,1.03,1.73,0.95,0.83,1.41,0.93,0.81,1.65,0.91,0.76,1.66,0.85,0.65,2.12,0.73,0.61,1.95,0.69,0.46,1.6,0.452,0.355,0.161,0.211,0.14,0.21,0.316,0.41,0.304,0.15,126.9072,130.5061,98.90174,103.4425,118.7725,122.1734,90.35764,97.05327,136.0836,139.909,107.246,110.9484,100.922,103.7186,78.27482,80.79723,9.292574,22.16087,8.235417,7.766285,0.872790696,0.873234745,0.842526901,0.874760429,0.741617653,0.741329007,0.729862372,0.728241507
BackColor_E266C760801858_20170613090121.jpg,2017/7/10 17:05,Lens0Color,1.56,0.3,2.13,1.28,0.53,1.76,0.62,0.99,2.28,0.51,0.13,2.1,0.96,1.07,1.97,0.28,0.65,2.87,1.63,0.01,1.87,0.82,2.02,2,2.45,0.71,2.15,2.07,1.73,1.67,0.7,0,1.86,1.17,0.01,1.43,0.58,3.14,1.72,0.06,0.09,2.35,3.96,0.51,2.6,1.04,0,1.06,2.33,1.43,2.09,0.01,0.98,1.73,0.94,0.8,1.43,0.92,0.79,1.6,0.88,0.71,1.75,0.82,0.6,2.09,0.69,0.55,1.98,0.64,0.35,1.54,0.585,0.52,0.349,0.284,0.221,0.336,0.191,0.267,0.327,0.212,126.0666,130.6411,95.86657,105.118,116.7941,120.8276,86.42148,98.06409,136.8617,142.0318,105.1883,114.1983,94.60583,98.02845,72.207,76.68126,7.959599,7.628498,4.694743,4.884254,0.85337315,0.850708081,0.821588333,0.858717599,0.691251314,0.690186634,0.686454672,0.671474619
BackColor_E266C760801861_20170612213518.jpg,2017/7/10 17:05,Lens0Color,1.58,0.33,2.08,1.28,0.56,1.8,0.62,1.04,2.44,0.52,0.15,2.11,0.98,1.1,1.93,0.33,0.65,2.82,1.63,0.01,1.76,0.82,2.1,2.04,2.43,0.77,2.16,2.09,1.85,1.66,0.72,0,1.73,1.21,0.01,1.44,0.61,3.34,1.72,0.07,0.08,2.21,3.96,0.55,2.48,1.05,0,1.05,2.35,1.5,2.06,0.01,1,1.76,0.96,0.82,1.38,0.93,0.81,1.63,0.92,0.75,1.58,0.87,0.64,2.01,0.76,0.59,1.97,0.71,0.39,1.54,0.657,0.501,0.22,0.242,0.143,0.196,0.192,0.357,0.213,0.227,127.1756,134.2383,97.85802,108.3294,118.8226,128.9799,90.98173,103.9187,136.9971,142.7866,105.9539,116.5086,99.01329,103.7644,73.54742,77.58521,11.58286,14.11976,7.242349,5.038043,0.867336608,0.903305352,0.858691657,0.891940166,0.722740043,0.726709649,0.694145473,0.66591831
BackColor_E266C760801861_20170613140700.jpg,2017/7/10 17:05,Lens0Color,1.61,0.32,1.97,1.29,0.56,1.82,0.61,1.05,2.23,0.51,0.14,2.09,0.99,1.11,1.91,0.33,0.66,2.84,1.65,0.01,1.97,0.85,2.16,2.06,2.48,0.77,2.1,2.16,1.92,1.61,0.72,0,1.81,1.22,0.01,1.27,0.62,3.5,1.68,0.05,0.08,2.31,4.1,0.54,2.51,1.05,0,0.73,2.43,1.54,2.01,0.01,1.03,1.77,0.96,0.82,1.35,0.93,0.81,1.55,0.91,0.76,1.7,0.87,0.65,1.98,0.76,0.59,1.92,0.72,0.35,1.53,0.631,0.501,0.158,0.202,0.11,0.167,0.166,0.327,0.199,0.224,124.7369,132.6124,95.3951,106.2663,116.946,127.37,89.21831,103.5832,134.0631,141.027,102.9355,113.5316,97.03554,103.2366,72.40602,75.82027,8.620878,8.453304,6.779756,4.147376,0.872320571,0.903160388,0.866739949,0.912373295,0.723804984,0.732034291,0.703411554,0.667834066
BackColor_E266C760801864_20170612222718.jpg,2017/7/10 17:05,Lens0Color,1.57,0.33,2.13,1.28,0.55,1.74,0.64,1.01,2.27,0.53,0.15,2.1,0.98,1.06,1.94,0.32,0.66,2.89,1.61,0.01,1.97,0.85,2.06,2.03,2.39,0.72,2.13,2.06,1.73,1.6,0.74,0,1.83,1.18,0.01,1.19,0.6,3.2,1.7,0.12,0.14,2.35,3.83,0.52,2.86,1.04,0,1.36,2.29,1.41,2.11,0.01,1,2,0.95,0.82,1.4,0.93,0.8,1.55,0.91,0.76,1.74,0.86,0.63,2.04,0.73,0.58,1.95,0.68,0.39,1.5,0.587,0.475,0.202,0.26,0.125,0.123,0.117,0.161,0.191,0.232,126.3094,131.5537,95.4126,105.3668,118.6459,125.5235,87.13069,99.28992,135.9636,140.3501,103.6239,113.4063,96.55701,102.0184,74.76665,78.96815,15.96075,6.602021,8.345257,7.15377,0.87262988,0.89435989,0.84083585,0.875523847,0.710168089,0.726885125,0.72151936,0.696329481
BackColor_E266C760801871_20170613084553.jpg,2017/7/10 17:06,Lens0Color,1.54,0.32,2.04,1.27,0.54,1.7,0.59,1.01,2.16,0.49,0.16,2.07,0.95,1.11,1.92,0.29,0.66,2.79,1.62,0.01,1.92,0.79,2.07,2.04,2.39,0.71,2.04,2.08,1.84,1.55,0.72,0,1.89,1.19,0.01,1.07,0.57,3.29,1.66,0.07,0.1,2.22,3.93,0.54,2.37,1.04,0,1.16,2.33,1.48,2.02,0.01,1.01,1.7,0.95,0.82,1.37,0.92,0.81,1.55,0.9,0.75,1.66,0.85,0.64,1.98,0.73,0.59,1.91,0.68,0.45,1.44,0.573,0.339,0.134,0.104,0.114,0.124,0.087,0.123,0.128,0.125,125.1264,131.9534,96.44436,103.5368,116.0245,124.8787,90.32594,97.98267,135.4433,141.2374,104.6915,111.7809,96.07488,101.8801,69.17192,75.13133,3.780799,4.245204,3.27916,3.649751,0.856627829,0.884175863,0.862781983,0.876560038,0.709336527,0.72133939,0.660721453,0.672130301
BackColor_E266C760801872_20170613085130.jpg,2017/7/10 17:06,Lens0Color,1.59,0.36,2.05,1.28,0.59,1.68,0.64,1.06,2.1,0.54,0.17,2.04,0.99,1.14,1.94,0.35,0.71,2.75,1.62,0.01,1.92,0.86,2.15,2.1,2.48,0.8,2.03,2.14,1.88,1.6,0.74,0,1.75,1.21,0.01,1.56,0.64,3.44,1.75,0.1,0.12,2.22,4.02,0.57,2.27,1.06,0,1.15,2.41,1.54,2.04,0.01,1.06,2.1,0.96,0.83,1.39,0.93,0.82,1.57,0.92,0.77,1.7,0.88,0.67,1.99,0.77,0.63,1.91,0.72,0.45,1.47,0.25,0.192,0.042,0.033,0.073,0.099,0.124,0.149,0.146,0.084,128.2073,132.6042,98.1352,105.6704,123.4216,126.9329,94.1123,103.5827,135.5651,140.4416,104.69,111.5779,101.9175,105.4731,75.07037,81.37982,3.440719,3.919899,3.179662,3.534817,0.91042311,0.903812688,0.898961696,0.928344233,0.751797476,0.751010384,0.717072977,0.72935429
BackColor_E266C760801872_20170613140939.jpg,2017/7/10 17:06,Lens0Color,1.61,0.38,2.09,1.27,0.61,1.76,0.63,1.08,2.34,0.53,0.18,2.14,1,1.15,1.94,0.35,0.72,2.75,1.62,0.02,2,0.86,2.15,2.05,2.44,0.81,2.18,2.16,1.92,1.63,0.74,0.01,1.8,1.21,0.01,1.63,0.63,3.53,1.76,0.08,0.1,2.33,3.96,0.57,2.64,1.05,0,1.19,2.4,1.56,2.07,0.01,1.07,1.92,0.96,0.85,1.42,0.93,0.83,1.66,0.92,0.78,1.64,0.88,0.68,2.07,0.75,0.63,1.93,0.72,0.44,1.52,0.734,0.551,0.132,0.12,0.126,0.155,0.293,0.52,0.285,0.447,129.4949,132.7993,97.63715,106.9994,123.2772,125.3437,91.24271,104.9487,136.8757,141.0043,104.3187,112.4966,107.8716,109.9532,79.28071,85.22316,6.057337,12.55599,8.617066,3.813296,0.900650736,0.888935302,0.874653442,0.932905528,0.788098983,0.779786148,0.759985602,0.757562095
BackColor_E266C760801873_20170612202812.jpg,2017/7/10 17:06,Lens0Color,1.48,0.27,2.07,1.25,0.51,1.71,0.59,0.98,2.31,0.48,0.13,2.13,0.91,1.04,1.97,0.25,0.62,2.99,1.56,0.01,1.87,0.78,1.98,2.02,2.25,0.63,2.11,1.88,1.59,1.66,0.7,0,1.85,1.16,0.01,1.4,0.56,2.99,1.74,0.09,0.1,2.31,3.44,0.37,2.62,1.03,0,1.04,2.17,1.32,2.08,0.01,0.94,1.51,0.94,0.8,1.47,0.92,0.78,1.62,0.89,0.71,1.62,0.82,0.59,2.13,0.69,0.52,1.87,0.64,0.32,1.45,0.624,0.569,0.183,0.266,0.177,0.173,0.15,0.143,0.206,0.214,124.2489,133.2812,97.53359,103.5195,110.9313,126.2786,86.4808,94.12017,137.6371,144.0641,109.0706,115.2662,89.69127,96.51509,68.39571,68.65279,13.37924,4.150516,5.761347,5.106783,0.805969466,0.876544538,0.792888276,0.816546134,0.651650391,0.669945462,0.627077416,0.595602093
BackColor_E266C760801875_20170612230113.jpg,2017/7/10 17:06,Lens0Color,1.54,0.31,2.12,1.28,0.54,1.74,0.63,1.01,2.26,0.52,0.14,2.17,0.96,1.08,2.04,0.29,0.65,2.91,1.62,0.01,1.88,0.82,2.04,2.02,2.41,0.73,2.16,2.07,1.79,1.65,0.74,0,1.72,1.2,0.01,1.52,0.6,3.21,1.75,0.09,0.11,2.32,3.84,0.52,2.68,1.05,0,1.21,2.29,1.42,2.12,0.01,0.99,1.84,0.95,0.82,1.47,0.93,0.81,1.74,0.92,0.74,1.61,0.87,0.63,2.04,0.74,0.58,1.98,0.67,0.36,1.58,0.452,0.402,0.212,0.335,0.203,0.214,0.23,0.366,0.214,0.187,123.9801,134.5597,97.1951,104.3872,113.6256,127.9537,89.52771,99.30849,135.1536,143.6369,105.5911,112.1842,94.41557,104.6141,74.05559,76.95107,11.96582,9.077493,5.566728,7.671506,0.840714565,0.890813572,0.847871743,0.885227064,0.698579764,0.728323293,0.701343106,0.685935007
BackColor_E266C760801878_20170612211808.jpg,2017/7/10 17:07,Lens0Color,1.56,0.34,2.11,1.28,0.56,1.77,0.62,1.03,2.32,0.52,0.15,2.16,0.98,1.09,2.01,0.31,0.67,2.9,1.62,0.01,1.98,0.83,2.06,2.09,2.43,0.77,2.21,2.09,1.84,1.64,0.72,0,1.98,1.2,0.01,1.51,0.63,3.26,1.75,0.08,0.1,2.46,3.89,0.53,2.67,1.05,0,1.17,2.34,1.49,2.11,0.01,1,1.8,0.96,0.83,1.45,0.94,0.81,1.67,0.92,0.75,1.54,0.87,0.64,2.1,0.74,0.59,2.01,0.69,0.44,1.55,0.586,0.548,0.203,0.226,0.179,0.173,0.462,0.257,0.446,0.424,125.3695,134.9945,98.14211,105.8197,117.6325,128.8253,90.30424,100.1719,134.6075,143.726,106.2016,113.8325,98.02757,105.7283,77.1618,78.43883,20.12209,11.83471,9.420579,4.746454,0.873892614,0.896325647,0.8503096,0.879993851,0.72824746,0.735624035,0.726559675,0.689072365
BackColor_E266C760801880_20170612225500.jpg,2017/7/10 17:07,Lens0Color,1.51,0.31,2.09,1.25,0.52,1.75,0.59,0.99,2.36,0.5,0.15,2.12,0.94,1.06,2.03,0.27,0.63,2.99,1.59,0.01,1.95,0.78,2,2.03,2.35,0.67,2.17,2,1.71,1.67,0.72,0,1.81,1.18,0.01,1.44,0.56,3.08,1.82,0.08,0.1,2.34,3.72,0.46,2.74,1.04,0,1.27,2.29,1.41,2.12,0.01,0.98,1.82,0.95,0.8,1.44,0.92,0.79,1.62,0.9,0.72,1.68,0.83,0.61,2.11,0.71,0.57,1.95,0.66,0.35,1.52,0.711,0.527,0.137,0.154,0.169,0.19,0.254,0.228,0.224,0.229,123.6748,131.7904,97.20671,103.1881,112.2604,124.0437,88.625,96.80583,135.6348,142.0251,106.4848,112.4677,92.11141,99.06062,71.94908,71.75349,9.115285,11.49594,9.543808,3.877937,0.827666646,0.873392802,0.83227841,0.860743396,0.679113399,0.697486712,0.67567465,0.637991975
BackColor_E266C760801882_20170612224326.jpg,2017/7/10 17:07,Lens0Color,1.5,0.26,2.13,1.25,0.5,1.8,0.59,0.99,2.34,0.48,0.11,2.21,0.93,1.06,1.95,0.24,0.64,2.92,1.58,0.01,1.88,0.78,2.02,2.08,2.38,0.67,2.16,2.02,1.73,1.63,0.7,0,1.72,1.17,0.01,1.3,0.55,3.15,1.77,0.07,0.09,2.39,3.84,0.45,2.6,1.04,0,1.04,2.29,1.41,2.05,0.01,0.97,1.58,0.94,0.8,1.51,0.91,0.79,1.65,0.89,0.71,1.72,0.82,0.61,2.08,0.7,0.54,1.96,0.65,0.34,1.51,0.795,0.626,0.283,0.243,0.139,0.173,0.275,0.342,0.284,0.313,124.0776,132.7411,95.96453,103.0309,111.6104,122.7488,84.73183,93.00765,136.6668,144.5145,106.9335,114.2426,91.40966,98.65608,69.87766,70.92985,10.13573,7.902765,11.06979,4.199451,0.816660667,0.849387432,0.792378721,0.814124066,0.668850518,0.682672535,0.653468371,0.620870411
BackColor_E266C760801892_20170612150433.jpg,2017/7/10 17:07,Lens0Color,1.62,0.33,2.2,1.29,0.58,1.8,0.62,1.03,2.35,0.51,0.18,2.18,0.99,1.11,1.94,0.31,0.69,2.92,1.61,0.02,1.96,0.85,2.08,2.08,2.43,0.75,2.16,2.12,1.82,1.71,0.72,0.02,1.97,1.19,0.01,1.67,0.61,3.38,1.77,0.1,0.13,2.36,3.94,0.54,2.6,1.05,0,1.12,2.39,1.52,2.1,0.01,1.05,2.06,0.97,0.83,1.33,0.94,0.82,1.52,0.91,0.77,1.61,0.87,0.67,2.06,0.73,0.61,1.97,0.68,0.46,1.5,0.806,0.627,0.108,0.194,0.062,0.078,0.071,0.141,0.125,0.138,123.9045,134.2257,98.20218,103.054,116.2191,129.451,94.41901,98.57428,132.7395,141.6003,104.5514,109.867,98.03502,107.7943,75.59945,79.60594,5.150654,4.033542,3.63942,3.788072,0.875542698,0.914200041,0.903086998,0.897214632,0.738551976,0.761257568,0.723084052,0.72456643
BackColor_E266C760801892_20170612155024.jpg,2017/7/10 17:07,Lens0Color,1.63,0.23,2.19,1.27,0.54,1.82,0.57,1.02,2.45,0.46,0.09,2.35,0.95,1.12,2.11,0.25,0.68,3.14,1.61,0.01,2.03,0.79,2.16,2.24,2.49,0.69,2.3,2.44,2.07,1.76,0.71,0,2.23,1.18,0.01,1.53,0.46,3.96,1.88,0.05,0.07,2.49,4.5,0.43,3.02,1.05,0,1.29,2.43,1.51,2.23,0.01,1.02,1.64,0.96,0.83,1.51,0.93,0.8,1.65,0.91,0.73,1.75,0.86,0.6,2.26,0.68,0.51,2.28,0.46,0.09,1.56,0.509,0.478,0.222,0.342,0.105,0.132,0.183,0.392,0.311,0.264,121.1803,130.0229,93.14981,97.60531,108.8137,122.6507,83.62389,87.21459,132.4633,139.5223,102.0502,107.136,95.73486,100.0504,72.06863,74.84143,17.56374,22.93613,14.81513,11.19104,0.821463001,0.879075961,0.819438766,0.81405494,0.722727427,0.717092536,0.706207631,0.698564721
BackColor_E266C760801892_20170612163704.jpg,2017/7/10 17:08,Lens0Color,1.51,0.36,2.14,1.26,0.57,1.8,0.6,1.02,2.28,0.49,0.18,2.2,0.95,1.11,1.95,0.28,0.68,2.92,1.59,0.02,2.02,0.82,2.02,2.1,2.37,0.74,2.16,2.05,1.76,1.63,0.71,0.03,2.16,1.16,0.01,1.76,0.59,3.08,1.77,0.1,0.13,2.35,3.74,0.53,2.72,1.04,0,1.36,2.27,1.43,2.13,0.01,1,1.71,0.95,0.82,1.38,0.93,0.81,1.59,0.9,0.74,1.69,0.83,0.64,2.18,0.7,0.58,2.05,0.63,0.42,1.58,0.451,0.415,0.253,0.305,0.128,0.151,0.22,0.413,0.234,0.292,121.9464,131.0069,96.82013,100.7626,110.8627,122.1339,88.4787,91.92484,132.7321,141.1983,105.2659,109.9709,96.11622,102.3317,74.99923,76.44891,14.29527,20.54638,11.48546,9.908281,0.83523654,0.864981377,0.840525754,0.835901498,0.724136965,0.724737479,0.712474125,0.695173996
BackColor_E266C760801900_20170612204848.jpg,2017/7/10 17:08,Lens0Color,1.53,0.29,2.06,1.27,0.53,1.73,0.63,0.99,2.26,0.52,0.15,2.1,0.95,1.04,2,0.31,0.63,2.87,1.58,0.01,1.72,0.79,2,2.05,2.26,0.65,2.14,1.9,1.63,1.66,0.72,0,1.89,1.17,0.01,1.3,0.58,3.09,1.72,0.11,0.1,2.21,3.49,0.42,2.56,1.04,0,1.09,2.21,1.36,2.06,0.01,0.96,2,0.95,0.8,1.45,0.93,0.79,1.53,0.91,0.72,1.64,0.85,0.6,2.06,0.75,0.55,1.97,0.71,0.36,1.53,0.534,0.531,0.226,0.297,0.188,0.203,0.198,0.256,0.193,0.254,125.4832,130.8469,97.26074,105.0749,116.083,124.9645,87.89462,97.41837,136.908,140.2037,107.3318,115.543,91.91535,96.95641,70.05959,71.26601,13.92155,18.65593,8.707573,7.442614,0.847890554,0.89130672,0.818905674,0.843135196,0.671365808,0.691539596,0.652738424,0.616792103
BackColor_E266C760801901_20170612232516.jpg,2017/7/10 17:08,Lens0Color,1.59,0.35,2.1,1.29,0.57,1.76,0.65,1.02,2.28,0.54,0.17,2.17,1,1.11,1.91,0.39,0.7,2.64,1.63,0.01,2.04,0.85,2.03,2.04,2.44,0.79,2.15,2.07,1.78,1.63,0.75,0.01,1.93,1.21,0.01,1.6,0.64,3.08,1.68,0.11,0.12,2.33,3.84,0.57,2.48,1.04,0,1.38,2.3,1.44,2.1,0.06,1.02,2.31,0.95,0.81,1.42,0.93,0.8,1.58,0.91,0.72,1.56,0.86,0.62,1.97,0.75,0.59,1.89,0.75,0.42,1.47,0.602,0.688,0.078,0.189,0.094,0.1,0.13,0.122,0.183,0.19,123.8327,133.7444,97.26229,105.2984,117.7228,128.3608,92.76991,103.6079,132.0092,142.5377,104.2857,111.1753,96.6132,101.4849,73.18337,80.47139,8.600032,3.956722,3.536094,3.854112,0.89177724,0.900539296,0.889574601,0.931932722,0.731867173,0.711986373,0.701758439,0.723824357
BackColor_E266C760801904_20170613085541.jpg,2017/7/10 17:08,Lens0Color,1.51,0.33,2.08,1.26,0.54,1.73,0.6,1,2.43,0.49,0.18,2.12,0.93,1.06,1.95,0.29,0.65,2.92,1.59,0.01,1.95,0.8,1.98,2.07,2.34,0.72,2.17,1.98,1.7,1.66,0.72,0,1.96,1.17,0.01,1.55,0.59,3.02,1.7,0.11,0.14,2.3,3.66,0.51,2.8,1.04,0,1.25,2.24,1.4,2.07,0.01,0.98,1.7,0.95,0.81,1.37,0.93,0.81,1.57,0.91,0.75,1.64,0.86,0.64,2.09,0.74,0.59,1.99,0.68,0.41,1.55,0.865,0.873,0.206,0.272,0.186,0.342,0.122,0.28,0.167,0.211,124.5104,131.216,98.4679,103.0405,111.3205,123.0358,92.08809,95.67966,136.7998,140.9135,106.8594,112.4033,95.75916,102.8783,71.0778,73.97916,10.88526,14.56479,4.654588,7.932214,0.813747535,0.87312997,0.861768735,0.851217535,0.699994883,0.73008122,0.665152528,0.658158257
BackColor_E266C760801909_20170613100845.jpg,2017/7/10 17:08,Lens0Color,1.55,0.36,2.09,1.28,0.57,1.76,0.64,1.02,2.15,0.52,0.18,2.1,0.96,1.08,1.97,0.31,0.66,2.83,1.6,0.03,1.91,0.86,1.98,2,2.31,0.73,2.1,1.91,1.64,1.66,0.72,0.01,2,1.18,0.01,1.53,0.66,2.84,1.7,0.14,0.15,2.29,3.52,0.47,2.42,1.04,0,1.25,2.25,1.41,2.1,0.02,0.99,2.19,0.97,0.82,1.35,0.95,0.8,1.5,0.92,0.74,1.55,0.88,0.63,2.02,0.77,0.6,2,0.71,0.43,1.53,0.45,0.392,0.273,0.302,0.087,0.121,0.243,0.429,0.258,0.363,124.4566,133.1299,99.23062,103.6991,115.1272,127.9222,93.70892,95.93054,134.9362,141.3265,107.0286,113.2553,95.92435,104.4594,72.73098,75.18328,11.98482,14.18688,8.675151,6.634585,0.853197289,0.905153669,0.875550273,0.847029146,0.710886701,0.739135265,0.679547149,0.663838955
BackColor_E266C760801910_20170612202640.jpg,2017/7/10 17:09,Lens0Color,1.49,0.34,2.12,1.25,0.55,1.74,0.58,1,2.39,0.48,0.18,2.16,0.91,1.06,2.07,0.26,0.65,2.96,1.55,0.01,2.01,0.77,1.97,2.1,2.3,0.69,2.14,1.96,1.69,1.7,0.7,0.01,2.08,1.15,0.01,1.31,0.57,3.06,1.75,0.1,0.12,2.37,3.62,0.48,2.81,1.03,0,1.33,2.24,1.4,2.12,0.01,0.98,1.65,0.95,0.81,1.45,0.92,0.8,1.61,0.9,0.74,1.66,0.84,0.63,2.18,0.7,0.57,2.03,0.61,0.39,1.55,0.496,0.727,0.3,0.429,0.196,0.177,0.11,0.184,0.221,0.287,124.7933,131.4171,98.5767,102.2668,112.034,120.9049,87.9638,91.36872,137.0385,142.9222,109.0907,113.6815,95.56383,100.365,72.75764,73.11591,7.009613,14.27136,6.836476,7.91136,0.817536678,0.845949055,0.806336379,0.803725496,0.697350234,0.702235202,0.666946312,0.643164543
BackColor_E266C760801911_20170613100203.jpg,2017/7/10 17:09,Lens0Color,1.64,0.22,2.16,1.28,0.53,1.78,0.56,1.05,2.5,0.46,0.08,2.22,0.97,1.12,2.12,0.25,0.66,2.9,1.62,0.01,1.78,0.8,2.23,2.17,2.47,0.69,2.2,2.43,2.09,1.65,0.71,0,1.82,1.19,0.01,1.41,0.49,4.01,1.77,0.04,0.06,2.4,4.36,0.35,2.6,1.05,0,1.1,2.51,1.55,2.25,0.01,1.03,1.62,0.96,0.82,1.49,0.94,0.81,1.62,0.92,0.75,1.6,0.87,0.62,2.17,0.72,0.54,2.06,0.58,0.1,1.52,0.33,0.426,0.242,0.323,0.291,0.224,0.273,0.348,0.222,0.28,122.1637,133.3785,94.17748,98.63619,109.2387,128.9911,86.22852,91.36406,134.1245,141.7308,102.9507,107.4281,94.49093,101.2793,69.46221,72.10567,9.511757,8.217506,9.264537,13.65533,0.814457463,0.910113398,0.837570993,0.850467057,0.704501638,0.714589207,0.674713334,0.671199342
BackColor_E266C760801912_20170612211247.jpg,2017/7/10 17:09,Lens0Color,1.51,0.33,2.07,1.26,0.53,1.84,0.62,1.01,2.38,0.49,0.16,2.13,0.95,1.07,1.97,0.29,0.65,2.89,1.62,0.01,1.94,0.83,2.02,1.97,2.44,0.73,2.17,2,1.7,1.75,0.71,0,1.74,1.19,0.01,1.22,0.6,2.96,1.71,0.07,0.09,2.35,3.89,0.54,2.74,1.04,0,1.17,2.29,1.41,2.12,0.01,0.98,1.84,0.95,0.8,1.39,0.92,0.78,1.54,0.89,0.71,1.67,0.83,0.6,2.12,0.71,0.56,1.91,0.67,0.39,1.58,0.589,0.613,0.209,0.247,0.182,0.199,0.16,0.25,0.267,0.202,124.3412,133.397,97.60513,106.4051,113.3142,126.6001,90.17167,102.2892,135.5464,143.2865,106.0439,114.3398,96.32641,99.04988,73.46244,77.28593,12.86457,8.010937,5.650996,4.341416,0.835980889,0.883545205,0.85032397,0.894607127,0.710652662,0.691271543,0.692754982,0.675932003
BackColor_E266C760801914_20170612231117.jpg,2017/7/10 17:09,Lens0Color,1.51,0.36,2.18,1.27,0.57,1.77,0.6,1.03,2.26,0.5,0.17,2.14,0.96,1.11,1.99,0.27,0.68,2.78,1.62,0.01,1.82,0.84,2.05,2.09,2.43,0.78,2.22,2,1.76,1.68,0.71,0,2,1.18,0.01,1.43,0.63,3.11,1.78,0.09,0.11,2.34,3.89,0.56,2.8,1.05,0,1.11,2.32,1.48,2.1,0.01,1.01,1.61,0.95,0.82,1.36,0.94,0.81,1.64,0.92,0.75,1.65,0.87,0.65,2.13,0.74,0.61,2.02,0.69,0.45,1.51,0.806,0.648,0.154,0.175,0.127,0.184,0.122,0.31,0.141,0.167,126.7823,135.3229,99.38461,107.0513,115.9471,128.1754,91.20486,100.1825,137.4019,144.7035,108.0935,115.6916,100.6773,105.3188,76.38766,80.06857,4.763554,6.396341,6.64373,3.749699,0.843853688,0.885779542,0.843758968,0.865944459,0.732721309,0.727824828,0.706681345,0.692086288
BackColor_E266C760801919_20170612224151.jpg,2017/7/10 17:09,Lens0Color,1.45,0.39,2.05,1.26,0.56,1.64,0.65,1.01,2.15,0.54,0.21,2.05,0.96,1.08,1.94,0.33,0.67,2.91,1.58,0.03,1.91,0.87,1.95,2.04,2.23,0.73,2.04,1.82,1.58,1.64,0.73,0.01,1.92,1.18,0.01,1.37,0.7,2.65,1.73,0.17,0.16,2.25,3.33,0.53,2.16,1.05,0,1.27,2.23,1.4,2.09,0.07,1,2.27,0.96,0.82,1.38,0.95,0.81,1.52,0.93,0.76,1.49,0.9,0.65,1.97,0.8,0.62,2.02,0.78,0.48,1.63,0.239,0.258,0.351,0.266,0.33,0.255,0.205,0.164,0.221,0.322,129.2194,137.2077,104.4583,110.1152,119.7066,135.0133,98.80411,104.9997,139.9787,144.4875,112.6591,118.5948,98.70187,106.0381,76.45446,80.22699,9.325954,4.011925,4.273167,6.920414,0.855177252,0.93442893,0.877018457,0.885365126,0.705120636,0.733891167,0.678635459,0.676479829
BackColor_E266C760801921_20170612205359.jpg,2017/7/10 17:10,Lens0Color,1.56,0.34,2.08,1.28,0.56,1.72,0.63,1.02,2.39,0.52,0.16,2.17,0.97,1.08,1.95,0.32,0.68,2.79,1.61,0.01,1.86,0.85,2.08,2.08,2.34,0.71,2.22,2.06,1.77,1.69,0.74,0,1.81,1.19,0.01,1.58,0.61,3.21,1.66,0.12,0.14,2.35,3.69,0.49,2.76,1.04,0,1.09,2.26,1.42,2.04,0.01,1,2,0.96,0.83,1.43,0.94,0.81,1.64,0.92,0.76,1.56,0.87,0.64,2.02,0.75,0.59,1.96,0.71,0.4,1.55,0.687,0.537,0.385,0.495,0.421,0.402,0.158,0.42,0.16,0.171,128.0258,135.6023,99.42749,108.4416,120.0544,130.1626,93.11843,103.0392,137.46,143.8236,106.6307,116.1671,100.4102,107.2763,79.19749,81.99591,12.03965,15.77448,9.448104,10.31958,0.873376982,0.905015589,0.87327974,0.886991239,0.7304685,0.745888018,0.742726907,0.705844512
BackColor_E266C760801922_20170612223715.jpg,2017/7/10 17:10,Lens0Color,1.57,0.32,2.17,1.27,0.54,1.71,0.63,1.01,2.16,0.52,0.14,2.12,0.95,1.07,1.9,0.32,0.65,2.86,1.61,0.01,1.84,0.8,2.05,2.06,2.41,0.74,2.13,2.05,1.77,1.58,0.74,0,1.74,1.2,0.01,1.48,0.57,3.17,1.77,0.09,0.1,2.41,3.8,0.49,2.67,1.05,0,1.16,2.3,1.43,2.15,0.01,0.98,1.84,0.95,0.81,1.45,0.93,0.79,1.66,0.9,0.72,1.6,0.85,0.6,2.12,0.72,0.56,1.97,0.67,0.36,1.55,0.439,0.503,0.431,0.502,0.232,0.199,0.172,0.256,0.27,0.222,126.3225,133.3718,97.88913,104.3523,118.5117,125.2782,88.99347,98.3298,136.0461,143.9144,106.8576,112.5674,96.42018,100.0297,74.98936,76.99705,6.438791,13.50523,7.637381,8.790345,0.871114277,0.870504967,0.832823028,0.873519332,0.708731673,0.695063871,0.701769083,0.684008425
BackColor_E266C760801929_20170612233254.jpg,2017/7/10 17:10,Lens0Color,1.55,0.35,2.06,1.28,0.55,1.69,0.62,1.02,2.12,0.52,0.16,2.03,0.98,1.08,1.95,0.31,0.66,2.88,1.62,0.01,1.65,0.84,2.05,2.05,2.35,0.72,2.1,1.97,1.7,1.59,0.73,0,1.6,1.2,0.01,1.38,0.65,3.1,1.75,0.11,0.12,2.29,3.66,0.49,2.31,1.05,0,1.01,2.29,1.43,2.02,0.03,0.99,2.17,0.96,0.82,1.44,0.94,0.81,1.54,0.92,0.74,1.54,0.87,0.63,2,0.78,0.6,1.95,0.74,0.44,1.62,0.243,0.262,0.348,0.247,0.301,0.239,0.176,0.225,0.224,0.238,127.8233,133.4437,98.87196,107.5714,117.4953,130.324,93.07375,102.8125,139.094,141.2283,106.9322,115.8979,96.30705,102.2796,72.06157,77.3635,8.716059,14.77605,9.338864,10.92674,0.844718679,0.922789554,0.870399655,0.887095452,0.692388241,0.724214623,0.67389963,0.667514252
BackColor_E266C760801931_20170612230618.jpg,2017/7/10 17:10,Lens0Color,1.54,0.37,2.1,1.28,0.57,1.75,0.63,1.03,2.32,0.54,0.18,2.15,0.97,1.09,1.95,0.32,0.67,2.79,1.6,0.01,1.97,0.83,2.06,2.12,2.32,0.72,2.1,2.01,1.75,1.63,0.73,0,1.78,1.18,0.01,1.25,0.6,3.18,1.73,0.12,0.14,2.25,3.64,0.49,2.48,1.04,0,1.2,2.27,1.43,2.06,0.03,1.01,2.18,0.96,0.82,1.4,0.94,0.81,1.56,0.91,0.76,1.71,0.87,0.65,2.12,0.74,0.59,1.92,0.71,0.42,1.55,0.505,0.48,0.425,0.368,0.455,0.429,0.203,0.21,0.175,0.263,126.3517,133.0629,98.28828,105.2742,117.1489,127.6137,91.47014,100.3566,136.2772,141.751,105.8465,112.8957,99.79418,103.1342,77.30353,78.094,11.82712,6.026961,6.04663,6.594189,0.859636828,0.900266665,0.864177276,0.888931997,0.73228816,0.727572998,0.730336194,0.691735823
BackColor_E266C760801942_20170612212823.jpg,2017/7/10 17:10,Lens0Color,1.58,0.34,2.08,1.29,0.57,1.8,0.64,1.01,2.39,0.52,0.16,2.15,0.98,1.07,2.01,0.32,0.65,2.9,1.61,0.03,2.06,0.85,2.04,2,2.42,0.74,2.15,2.06,1.75,1.64,0.72,0,1.82,1.19,0.01,1.34,0.62,3.15,1.7,0.12,0.13,2.28,3.87,0.56,2.73,1.04,0,1.34,2.32,1.43,2.08,0.01,0.99,2.02,0.96,0.82,1.38,0.94,0.81,1.49,0.91,0.74,1.7,0.86,0.64,2.09,0.74,0.58,2.01,0.7,0.38,1.55,0.477,0.55,0.332,0.255,0.181,0.159,0.132,0.163,0.204,0.235,124.4967,130.4017,96.30925,102.0878,116.9351,124.6167,90.46699,96.64316,134.0027,139.1724,103.5544,110.1592,95.05689,100.2654,73.97124,74.26931,10.78791,11.64795,8.609333,6.863176,0.872632417,0.895412452,0.873618021,0.877304483,0.709365483,0.72044026,0.71432252,0.674199794
BackColor_E266C760801947_20170612211444.jpg,2017/7/10 17:11,Lens0Color,1.51,0.34,2.14,1.26,0.55,1.77,0.62,1.02,2.42,0.52,0.15,2.18,0.97,1.09,2.01,0.3,0.66,2.86,1.6,0.01,1.81,0.82,2.01,2.01,2.4,0.76,2.18,2.07,1.77,1.69,0.72,0,1.84,1.19,0.01,1.2,0.61,3.12,1.73,0.08,0.1,2.39,3.83,0.54,2.75,1.05,0,1.26,2.31,1.45,2.17,0.01,1,1.8,0.95,0.82,1.48,0.93,0.8,1.68,0.91,0.73,1.62,0.86,0.62,2.16,0.73,0.58,2,0.69,0.38,1.52,0.505,0.521,0.173,0.265,0.159,0.217,0.193,0.255,0.144,0.173,126.2099,131.6914,98.73643,103.3275,116.3134,124.2493,89.36868,97.65513,136.5601,141.2118,107.6933,111.1595,99.5224,102.131,76.44283,76.77317,11.53898,16.96231,9.309082,5.099513,0.851737806,0.879879019,0.829844382,0.878513577,0.728780954,0.723246924,0.709819738,0.690657749
BackColor_E266C760801950_20170613090610.jpg,2017/7/10 17:11,Lens0Color,1.57,0.35,2.06,1.28,0.58,1.76,0.6,1.04,2.13,0.48,0.18,2.1,0.97,1.12,1.98,0.29,0.67,2.85,1.63,0.01,1.8,0.85,2.08,2.05,2.48,0.79,2.13,2.07,1.83,1.57,0.72,0,1.9,1.21,0.01,1.72,0.64,3.22,1.7,0.06,0.11,2.27,4.04,0.57,2.31,1.05,0,1.02,2.41,1.53,2.03,0.01,1.03,1.97,0.96,0.82,1.34,0.94,0.82,1.54,0.91,0.76,1.68,0.86,0.65,2.03,0.74,0.61,1.91,0.72,0.45,1.44,0.527,0.296,0.151,0.139,0.092,0.152,0.101,0.157,0.113,0.116,125.0787,133.7863,98.06884,105.3609,115.143,128.8597,94.39715,101.9215,135.579,141.8414,105.1216,112.7948,97.6734,105.0422,71.34376,76.75173,3.687158,4.098765,3.108309,3.698037,0.849268692,0.908477356,0.897980529,0.903601053,0.720416879,0.740560936,0.678678407,0.680454507
BackColor_E266C760801959_20170612231247.jpg,2017/7/10 17:11,Lens0Color,1.52,0.32,2.12,1.28,0.53,1.76,0.61,1.01,2.12,0.49,0.14,2.11,0.96,1.07,1.97,0.28,0.64,2.94,1.63,0.01,1.62,0.85,2.03,1.97,2.44,0.74,2.2,2.01,1.71,1.6,0.71,0,1.86,1.18,0.01,1.53,0.6,3.01,1.69,0.07,0.08,2.3,3.98,0.53,2.39,1.04,0,1.04,2.33,1.42,2.12,0.01,0.98,1.74,0.95,0.8,1.49,0.93,0.79,1.58,0.91,0.72,1.64,0.84,0.6,2.08,0.72,0.56,1.94,0.67,0.37,1.54,0.421,0.262,0.237,0.168,0.312,0.373,0.176,0.18,0.253,0.216,125.0517,131.3264,96.16942,104.3827,113.8096,124.6843,88.96417,99.38376,136.7133,140.8409,104.8379,112.9098,95.58623,99.15271,69.77613,73.1358,8.060578,7.438931,6.442574,4.636342,0.832469116,0.885284743,0.848587868,0.880204907,0.699172868,0.704005087,0.665562072,0.647736512
BackColor_E266C760801963_20170613090915.jpg,2017/7/10 17:11,Lens0Color,1.49,0.29,2,1.25,0.51,1.68,0.59,0.98,2.11,0.48,0.14,2.1,0.91,1.06,1.96,0.26,0.62,2.82,1.58,0.01,1.83,0.78,2.03,1.97,2.34,0.67,2.02,1.99,1.71,1.47,0.7,0,1.8,1.16,0.01,1.44,0.54,3.19,1.69,0.07,0.11,2.22,3.79,0.47,2.17,1.04,0,1.1,2.25,1.38,2.05,0.01,0.97,1.64,0.94,0.81,1.44,0.92,0.8,1.6,0.88,0.73,1.68,0.82,0.62,2.07,0.71,0.56,1.88,0.63,0.34,1.4,0.149,0.174,0.032,0.062,0.022,0.015,0.062,0.081,0.084,0.088,124.2772,130.9363,96.27986,103.2372,112.806,122.1844,87.24549,95.73788,136.778,141.7586,106.476,113.5427,90.23456,98.33582,68.11322,69.58812,3.314686,3.768206,2.922682,3.432063,0.824737896,0.861918783,0.81939113,0.843188334,0.659715451,0.693685039,0.63970491,0.612880617
BackColor_E266C760801966_20170612220751.jpg,2017/7/10 17:11,Lens0Color,1.49,0.26,2.09,1.25,0.5,1.72,0.58,0.99,2.2,0.48,0.13,2.08,0.91,1.07,1.93,0.25,0.63,2.85,1.57,0.01,1.85,0.77,2.04,2.04,2.32,0.64,2.08,1.98,1.76,1.55,0.7,0,1.69,1.17,0.01,1.45,0.55,3.17,1.69,0.07,0.08,2.23,3.73,0.41,2.32,1.04,0,0.99,2.31,1.42,2.02,0.01,0.98,1.55,0.94,0.8,1.44,0.92,0.79,1.57,0.89,0.72,1.63,0.83,0.61,2.05,0.7,0.55,1.84,0.66,0.34,1.37,0.479,0.511,0.07,0.093,0.078,0.1,0.152,0.157,0.174,0.221,123.188,132.8424,97.01358,101.506,111.3749,125.5235,87.58192,92.28983,135.8251,143.1101,107.618,112.7164,89.21964,98.53782,67.56849,68.16513,4.022033,3.696139,3.841207,3.636859,0.819987616,0.877111399,0.813822223,0.818779077,0.656871521,0.688545532,0.627854913,0.604748998
BackColor_E266C760801967_20170612223510.jpg,2017/7/10 17:12,Lens0Color,1.6,0.31,2.09,1.29,0.54,1.79,0.64,1.02,2.35,0.52,0.12,2.15,0.98,1.09,1.98,0.29,0.65,2.88,1.63,0.01,1.9,0.84,2.06,2.04,2.5,0.75,2.2,2.14,1.83,1.62,0.71,0,1.95,1.21,0.01,1.52,0.62,3.25,1.75,0.06,0.08,2.34,4.12,0.54,2.87,1.05,0,1,2.4,1.48,2.12,0.01,1,1.76,0.95,0.81,1.42,0.93,0.79,1.51,0.91,0.72,1.69,0.85,0.6,2.12,0.74,0.57,2.07,0.69,0.38,1.55,0.675,0.519,0.209,0.255,0.214,0.184,0.111,0.204,0.12,0.247,123.7784,130.555,96.56547,102.6447,115.9278,124.0736,89.74081,96.4921,133.6555,139.9562,104.7932,110.7892,93.43776,98.52389,71.4254,75.83637,19.34251,9.870655,5.602548,6.937525,0.867362735,0.886517353,0.856361004,0.870952223,0.699094014,0.703962311,0.681584301,0.684510494
BackColor_E266C760801969_20170612213652.jpg,2017/7/10 17:12,Lens0Color,1.56,0.34,2.06,1.28,0.56,1.74,0.61,1.03,2.12,0.5,0.14,2.06,0.97,1.11,1.95,0.28,0.66,2.88,1.62,0.01,1.82,0.82,2.13,2.03,2.5,0.76,2.06,2.11,1.82,1.53,0.71,0,1.86,1.19,0.01,1.52,0.59,3.34,1.71,0.06,0.08,2.2,4.07,0.54,2.3,1.06,0,1.08,2.38,1.49,2.06,0.01,1,1.55,0.95,0.83,1.36,0.92,0.8,1.49,0.9,0.75,1.69,0.84,0.64,2.03,0.72,0.6,1.89,0.67,0.45,1.42,0.427,0.337,0.118,0.169,0.075,0.069,0.092,0.113,0.15,0.194,126.1894,132.3647,98.24368,104.0716,119.1589,125.8506,92.45005,99.17387,135.5239,141.5235,106.0402,112.4677,96.57722,101.5931,72.59794,74.23582,4.048999,3.641705,3.11151,3.556475,0.879246391,0.889255848,0.871839642,0.881798685,0.712621316,0.717853219,0.684626585,0.660063467
BackColor_E266C760801970_20170612233124.jpg,2017/7/10 17:12,Lens0Color,1.55,0.36,2.07,1.27,0.58,1.65,0.62,1.03,2.14,0.52,0.17,2.12,0.96,1.1,1.95,0.31,0.67,2.83,1.59,0.01,1.89,0.82,2.05,1.98,2.3,0.72,2.09,2.04,1.79,1.55,0.73,0,1.85,1.18,0.01,1.44,0.61,3.18,1.69,0.12,0.14,2.27,3.57,0.46,2.32,1.05,0,1.21,2.27,1.43,2.07,0.01,1.02,2,0.96,0.83,1.38,0.94,0.82,1.63,0.92,0.76,1.56,0.86,0.66,2.01,0.74,0.61,1.85,0.69,0.41,1.43,0.506,0.385,0.153,0.125,0.08,0.148,0.136,0.16,0.122,0.105,127.6175,134.3748,99.91319,105.3349,119.7111,128.4692,95.87811,101.1692,137.3348,143.1975,107.3085,113.3463,98.01333,104.6292,72.62554,75.64013,3.476715,4.37759,3.096009,3.748454,0.871673458,0.897146947,0.893481038,0.892567292,0.713681674,0.730663594,0.676792053,0.667336561
BackColor_E266C760801972_20170612231415.jpg,2017/7/10 17:12,Lens0Color,1.45,0.35,1.97,1.26,0.55,1.66,0.6,1,2.04,0.51,0.19,1.99,0.95,1.07,1.93,0.29,0.65,2.76,1.59,0.01,1.83,0.83,1.96,1.95,2.32,0.74,2.09,1.83,1.59,1.73,0.71,0.01,1.97,1.17,0.01,1.5,0.63,2.65,1.65,0.1,0.12,2.21,3.49,0.51,2.29,1.04,0,1.16,2.23,1.42,2.03,0.03,1,2.22,0.95,0.8,1.37,0.93,0.8,1.52,0.9,0.75,1.65,0.86,0.65,2.01,0.75,0.61,1.9,0.69,0.46,1.58,0.389,0.383,0.077,0.083,0.111,0.166,0.071,0.136,0.059,0.09,126.2085,133.9796,101.4535,106.4224,114.6483,128.2505,95.60148,100.2712,138.3179,142.859,110.3425,115.5711,94.32452,102.2153,70.82198,74.98508,3.555923,4.066257,3.15272,3.564149,0.828875366,0.897741829,0.866406688,0.867614828,0.681940082,0.715497799,0.641837733,0.648822067
BackColor_E266C760801973_20170612232341.jpg,2017/7/10 17:12,Lens0Color,1.54,0.33,2.01,1.28,0.54,1.7,0.61,1.02,2.13,0.52,0.17,2.07,0.96,1.1,1.91,0.32,0.66,2.8,1.61,0.01,1.93,0.82,2.07,2,2.39,0.73,2.07,2.06,1.79,1.56,0.73,0.01,1.94,1.2,0.01,1.59,0.62,3.18,1.64,0.13,0.14,2.27,3.79,0.54,2.6,1.05,0,0.99,2.34,1.46,1.99,0.02,1.02,2.15,0.96,0.82,1.34,0.94,0.81,1.5,0.92,0.77,1.65,0.87,0.67,1.95,0.75,0.61,1.85,0.71,0.46,1.46,0.594,0.495,0.042,0.094,0.087,0.144,0.125,0.195,0.125,0.115,124.2062,133.1251,97.72764,105.0565,115.7866,127.8905,93.68678,103.0078,134.2898,141.1603,104.987,111.9974,94.10173,105.1407,70.59109,75.46201,3.439567,4.606024,3.898307,3.560539,0.862214405,0.905994816,0.892365531,0.919733851,0.700736244,0.744831939,0.672379342,0.673783588
BackColor_E266C760801975_20170612151013.jpg,2017/7/10 17:13,Lens0Color,1.55,0.35,2.1,1.28,0.58,1.69,0.64,1.03,2.1,0.52,0.17,2.19,0.98,1.1,2.03,0.32,0.68,2.81,1.6,0.01,1.98,0.88,2.02,2,2.4,0.77,2.1,2.06,1.79,1.56,0.73,0.01,2.1,1.19,0.01,1.72,0.65,3.12,1.75,0.09,0.12,2.29,3.87,0.57,2.57,1.04,0,1.36,2.32,1.47,2.15,0.03,1.02,2.25,0.95,0.82,1.41,0.93,0.8,1.54,0.9,0.74,1.67,0.86,0.64,2.2,0.74,0.59,2.1,0.73,0.41,1.59,0.502,0.513,0.382,0.276,0.307,0.437,0.291,0.282,0.349,0.203,124.7875,129.1291,97.19904,101.1544,116.5997,121.4042,88.8733,94.42942,133.9278,138.5629,105.416,108.7706,99.186,101.0484,76.8739,79.61668,8.268033,22.00098,8.540955,7.330924,0.870616108,0.876166708,0.843072209,0.868152056,0.740593066,0.729260141,0.729243189,0.731968749
BackColor_E266C760801975_20170612151611.jpg,2017/7/10 17:13,Lens0Color,1.59,0.37,2.11,1.28,0.6,1.76,0.63,1.04,2.21,0.52,0.18,2.13,0.99,1.13,1.97,0.33,0.7,2.86,1.6,0.02,1.99,0.85,2.05,2.03,2.4,0.78,2.15,2.08,1.84,1.61,0.72,0.01,2.03,1.2,0.01,1.76,0.64,3.28,1.75,0.08,0.11,2.35,3.91,0.56,2.66,1.03,0,1.37,2.33,1.49,2.15,0.02,1.05,2.2,0.96,0.83,1.45,0.93,0.81,1.55,0.91,0.75,1.62,0.86,0.66,2.11,0.73,0.6,2.06,0.72,0.38,1.52,0.681,0.625,0.196,0.226,0.169,0.255,0.138,0.247,0.317,0.236,125.2195,132.1801,97.78933,101.8107,116.9078,125.2805,90.6606,96.5601,133.7026,140.8365,105.1522,108.5626,103.2725,105.0058,78.63151,80.48499,8.303781,6.905931,6.403203,4.780434,0.874386886,0.889545679,0.862184529,0.889441668,0.772404576,0.745586549,0.747787588,0.741369403
BackColor_E266C760801975_20170612154003.jpg,2017/7/10 17:13,Lens0Color,1.57,0.35,2.19,1.27,0.61,1.72,0.65,1.04,2.34,0.53,0.17,2.21,1,1.11,1.99,0.35,0.7,2.85,1.59,0.01,1.86,0.86,2.03,2.1,2.36,0.79,2.22,2.11,1.86,1.67,0.74,0.01,1.97,1.2,0.01,1.58,0.65,3.25,1.76,0.08,0.11,2.51,3.85,0.57,2.7,1.04,0,1.02,2.3,1.49,2.16,0.02,1.04,2.23,0.96,0.84,1.46,0.94,0.82,1.48,0.92,0.76,1.59,0.87,0.66,2.08,0.76,0.6,2.03,0.72,0.37,1.58,0.768,0.677,0.183,0.224,0.136,0.219,0.128,0.231,0.355,0.237,131.0823,138.8622,103.3356,107.2008,123.3318,133.8659,96.10988,103.3511,139.6155,147.1302,111.3216,114.2742,106.8291,109.6746,80.72151,80.64101,7.449803,4.474576,5.403795,4.297788,0.883367534,0.909846517,0.863353383,0.904413245,0.765166475,0.74542548,0.725119923,0.705679935
BackColor_E266C760801975_20170612154348.jpg,2017/7/10 17:13,Lens0Color,1.56,0.39,2.2,1.26,0.62,1.74,0.65,1.04,2.4,0.53,0.19,2.17,1,1.13,1.95,0.34,0.72,2.73,1.58,0.02,1.99,0.89,2.05,2.03,2.36,0.79,2.18,2.08,1.82,1.72,0.74,0.03,2.02,1.19,0.01,1.48,0.66,3.23,1.7,0.09,0.12,2.49,3.82,0.58,2.78,1.04,0,0.94,2.27,1.47,2.2,0.02,1.05,2.24,0.96,0.84,1.47,0.93,0.81,1.58,0.91,0.74,1.57,0.86,0.66,2.11,0.74,0.61,2.01,0.7,0.45,1.54,0.793,0.517,0.274,0.26,0.161,0.274,0.171,0.259,0.321,0.307,129.547,136.8789,102.2371,105.8809,120.5322,129.9472,93.75635,99.46848,138.0151,145.8246,110.2698,113.0543,109.7796,108.5681,83.32635,85.91704,7.868822,5.598445,5.874819,4.478526,0.87332618,0.89111988,0.850245035,0.87982925,0.795417313,0.744511557,0.755658848,0.759962602
BackColor_E266C760801975_20170612154837.jpg,2017/7/10 17:13,Lens0Color,1.57,0.38,2.19,1.27,0.62,1.67,0.65,1.05,2.26,0.53,0.19,2.18,1,1.14,1.97,0.35,0.72,2.88,1.59,0.02,1.96,0.86,2.01,2.07,2.37,0.8,2.22,2.07,1.83,1.68,0.73,0.02,2,1.19,0.01,1.34,0.66,3.19,1.8,0.09,0.11,2.47,3.79,0.57,2.69,1.04,0,1.1,2.29,1.48,2.13,0.03,1.05,2.26,0.96,0.84,1.48,0.93,0.81,1.56,0.92,0.75,1.57,0.87,0.65,2.16,0.75,0.6,2.02,0.73,0.41,1.54,0.766,0.619,0.282,0.281,0.173,0.265,0.172,0.254,0.358,0.245,129.5737,136.4857,101.923,105.8016,121.1004,130.428,94.11652,100.5841,137.7986,145.1316,109.7769,112.5044,109.4149,107.5477,82.20053,85.03554,8.50285,6.49419,6.340264,4.854161,0.878821701,0.898687812,0.857343576,0.894045922,0.794020404,0.741035722,0.74879624,0.755841905
BackColor_E266C760801975_20170612164626.jpg,2017/7/10 17:14,Lens0Color,1.51,0.4,2.05,1.27,0.6,1.67,0.65,1.03,2.13,0.53,0.21,2.09,0.97,1.09,1.92,0.35,0.69,2.81,1.59,0.05,1.97,0.88,1.98,2.02,2.34,0.8,2.07,1.92,1.65,1.64,0.73,0.03,2,1.2,0.01,1.68,0.7,2.81,1.72,0.12,0.14,2.3,3.59,0.6,2.43,1.04,0,1.4,2.28,1.44,2.19,0.08,1.01,2.32,0.96,0.82,1.37,0.93,0.8,1.52,0.92,0.74,1.66,0.88,0.64,2.16,0.79,0.61,2.02,0.73,0.45,1.58,0.493,0.458,0.359,0.249,0.261,0.344,0.246,0.313,0.381,0.201,125.1353,130.7842,100.1416,104.1955,115.018,125.3361,93.94609,100.7988,134.3881,139.0391,107.281,110.4093,102.8942,102.4848,79.99757,81.80788,8.10043,18.23409,7.841842,6.460661,0.85586447,0.901444989,0.875701103,0.912955702,0.765649637,0.737093379,0.745682553,0.740950989
BackColor_E266C760801979_20170612223856.jpg,2017/7/10 17:14,Lens0Color,1.52,0.3,2.08,1.25,0.54,1.74,0.59,1,2.26,0.51,0.15,2.07,0.94,1.07,2.01,0.29,0.66,2.82,1.58,0.01,1.82,0.79,2.03,2.07,2.28,0.67,2.12,1.98,1.69,1.64,0.72,0,1.88,1.17,0.01,1.38,0.57,3.17,1.69,0.11,0.12,2.3,3.58,0.46,2.56,1.04,0,1.04,2.24,1.4,2.06,0.01,0.99,1.64,0.95,0.82,1.33,0.93,0.8,1.66,0.91,0.74,1.6,0.84,0.64,2,0.72,0.58,1.89,0.66,0.38,1.47,0.724,0.74,0.324,0.258,0.159,0.151,0.128,0.189,0.171,0.203,124.2827,136.9072,99.05973,105.104,113.2207,130.2722,92.70274,99.05928,136.0179,146.3551,107.4845,113.6805,93.27285,105.0328,71.51028,76.07987,8.697511,3.904922,3.93367,4.550322,0.832395589,0.890110423,0.862475427,0.871383219,0.685739524,0.71765726,0.665307835,0.669242922
BackColor_E266C760801983_20170612230934.jpg,2017/7/10 17:14,Lens0Color,1.53,0.3,2.14,1.28,0.52,1.7,0.64,0.96,2.16,0.52,0.14,2.11,0.97,1.03,2,0.33,0.62,2.79,1.6,0.01,1.61,0.86,1.93,2,2.33,0.67,2.13,1.98,1.63,1.58,0.74,0,1.84,1.21,0.01,1.55,0.62,2.79,1.75,0.1,0.1,2.33,3.68,0.47,2.43,1.04,0,1.16,2.26,1.38,2.1,0.04,0.97,2.15,0.96,0.79,1.41,0.94,0.78,1.58,0.91,0.72,1.58,0.86,0.6,2.02,0.76,0.55,1.89,0.72,0.37,1.4,0.526,0.58,0.065,0.112,0.069,0.089,0.139,0.13,0.162,0.197,127.9659,132.8963,102.7731,102.5405,121.9267,127.5482,98.1203,99.50842,137.8633,142.4729,111.429,110.7116,92.38165,97.82677,70.17449,68.50798,4.373681,3.734137,3.791898,3.559161,0.884402883,0.895245341,0.880563408,0.898807532,0.67009603,0.68663423,0.629768642,0.618796766
BackColor_E266C760801986_20170612203129.jpg,2017/7/10 17:14,Lens0Color,1.6,0.28,2.15,1.29,0.55,1.73,0.62,1.02,2.29,0.49,0.11,2.16,0.98,1.09,2,0.3,0.66,3.06,1.63,0.01,1.92,0.85,2.15,2.09,2.53,0.71,2.2,2.22,1.9,1.67,0.72,0,1.85,1.2,0.01,1.41,0.57,3.6,1.73,0.06,0.07,2.3,4.37,0.46,2.72,1.06,0,1.01,2.5,1.53,2.12,0.01,1,1.49,0.96,0.81,1.41,0.94,0.79,1.55,0.92,0.73,1.59,0.87,0.6,2.17,0.73,0.54,2.08,0.6,0.21,1.47,0.682,0.579,0.188,0.245,0.141,0.182,0.083,0.358,0.173,0.14,126.8474,131.7485,96.85982,102.9248,119.4508,126.9279,89.33004,97.43407,136.6264,140.5615,105.6803,111.3749,95.70483,98.38178,70.55492,73.90152,4.667181,5.494401,4.937054,4.681497,0.874287839,0.903006157,0.84528564,0.874829697,0.700485631,0.699919822,0.667626038,0.663538374
BackColor_E266C760801989_20170612233638.jpg,2017/7/10 17:14,Lens0Color,1.56,0.33,2.17,1.29,0.55,1.77,0.64,1.02,2.25,0.54,0.15,2.1,0.99,1.1,1.9,0.32,0.65,2.81,1.62,0.01,1.6,0.85,2.03,2.06,2.43,0.76,2.1,2.06,1.77,1.61,0.74,0,1.81,1.22,0.01,1.69,0.64,3.1,1.75,0.1,0.11,2.29,3.84,0.54,2.24,1.06,0,1.16,2.42,1.51,2.04,0.02,1.01,2.1,0.96,0.82,1.34,0.94,0.8,1.58,0.92,0.74,1.6,0.88,0.64,2,0.78,0.6,1.83,0.75,0.43,1.45,0.683,0.833,0.106,0.13,0.108,0.146,0.187,0.208,0.218,0.244,125.8813,134.5367,99.82738,104.4175,118.8136,130.2541,95.26911,102.0008,135.2258,142.6696,106.8966,111.3259,96.50815,104.0618,75.37648,75.4592,5.006653,4.138058,6.997512,3.563867,0.878631149,0.912977257,0.891226756,0.916236024,0.713681487,0.729390143,0.705134494,0.677822501
BackColor_E266C760801989_20170613094043.jpg,2017/7/10 17:15,Lens0Color,1.51,0.34,2.07,1.25,0.54,1.7,0.61,1.02,2.21,0.5,0.15,2.11,0.96,1.1,2.03,0.29,0.66,2.9,1.6,0.01,1.82,0.8,2.02,2.05,2.36,0.74,2.12,2.05,1.78,1.66,0.72,0,1.74,1.18,0.01,1.33,0.59,3.12,1.76,0.07,0.09,2.4,3.78,0.53,2.34,1.05,0,1.21,2.31,1.47,2.09,0.01,1,1.57,0.95,0.82,1.4,0.93,0.8,1.67,0.91,0.74,1.67,0.85,0.64,2.08,0.73,0.59,1.98,0.69,0.41,1.48,0.516,0.497,0.201,0.325,0.161,0.215,0.317,0.396,0.323,0.42,124.9642,134.1767,99.18351,103.5992,115.0949,126.1596,90.72088,95.67349,135.3954,144.1093,107.9416,112.4615,97.78844,104.029,76.50809,78.33106,17.23015,10.26289,9.63098,6.771025,0.850065069,0.875443847,0.840462621,0.850722158,0.722243444,0.721875687,0.708791513,0.696514452
BackColor_E266C760801990_20170612223031.jpg,2017/7/10 17:15,Lens0Color,1.43,0.28,2.08,1.23,0.49,1.8,0.55,0.95,2.17,0.45,0.13,2.04,0.88,1.01,1.96,0.24,0.62,2.84,1.57,0.01,2.03,0.75,1.97,2,2.29,0.63,2.08,1.86,1.57,1.59,0.69,0,1.92,1.13,0.01,1.44,0.51,2.99,1.67,0.07,0.11,2.22,3.62,0.45,2.32,1.03,0,1.16,2.17,1.33,2,0.01,0.97,1.57,0.93,0.81,1.5,0.9,0.79,1.62,0.86,0.73,1.63,0.81,0.62,1.99,0.67,0.56,1.85,0.59,0.37,1.43,0.374,0.361,0.066,0.09,0.052,0.055,0.049,0.082,0.052,0.065,121.3632,130.5712,93.70495,103.1725,107.4844,120.0885,82.80196,92.84895,135.1714,141.8625,104.9501,115.0799,86.2127,100.6013,65.22004,69.31049,3.489772,3.721895,2.969934,3.511198,0.795171168,0.846513349,0.788965041,0.806821608,0.637802819,0.709146533,0.621438569,0.602281458
,,max,1.72,0.4,2.3,1.32,0.62,1.88,0.69,1.08,2.52,0.57,0.21,2.35,1.02,1.16,2.16,0.39,0.72,3.14,1.67,0.05,2.06,0.94,2.33,2.28,2.61,0.85,2.36,2.6,2.22,2.18,0.76,0.03,2.23,1.23,0.01,1.82,0.78,,,,,,,,,,,,,,,,,,,,,,,,,,,,,,,,,,,,,,,,,,,,,,,,,,,,,,,,,,,,,,,,,,,,,,,,,
,,min,1.41,0.22,,,,,,,,,,,,,,,,,,,,,,,,,,,,,,,,,,,,,,,,,,,,,,,,,,,,,,,,,,,,,,,,,,,,,,,,,,,,,,,,,,,,,,,,,,,,,,,,,,,,,,,,,,,,
,,average,1.564056604,0.333584906,,,,,,,,,,,,,,,,,,,,,,,,,,,,,,,,,,,,,,,,,,,,,,,,,,,,,,,,,,,,,,,,,,,,,,,,,,,,,,,,,,,,,,,,,,,,,,,,,,,,,,,,,,,,
,,,0.068629832,,,,,,,,,,,,,,,,,,,,,,,,,,,,,,,,,,,,,,,,,,,,,,,,,,,,,,,,,,,,,,,,,,,,,,,,,,,,,,,,,,,,,,,,,,,,,,,,,,,,,,,,,,,,,
,,up,,,,,,,,,,,,,,,,,,,,,,,,,,,,,,,,,,,,,,,,,,,,,,,,,,,,,,,,,,,,,,,,,,,,,,,,,,,,,,,,,,,,,,,,,,,,,,,,,,,,,,,,,,,,,,
,,down,,,,,,,,,,,,,,,,,,,,,,,,,,,,,,,,,,,,,,,,,,,,,,,,,,,,,,,,,,,,,,,,,,,,,,,,,,,,,,,,,,,,,,,,,,,,,,,,,,,,,,,,,,,,,,
